This is pdfTeX, Version 3.141592653-2.6-1.40.26 (TeX Live 2025/dev/Debian) (preloaded format=pdflatex 2025.12.24)  7 JUN 2026 17:43
entering extended mode
 restricted \write18 enabled.
 %&-line parsing enabled.
**main_document_processed.tex
(./main_document_processed.tex
LaTeX2e <2024-11-01> patch level 2
L3 programming layer <2025-01-18>
(/usr/share/texlive/texmf-dist/tex/latex/base/report.cls
Document Class: report 2024/06/29 v1.4n Standard LaTeX document class
(/usr/share/texlive/texmf-dist/tex/latex/base/size10.clo
File: size10.clo 2024/06/29 v1.4n Standard LaTeX file (size option)
)
\c@part=\count196
\c@chapter=\count197
\c@section=\count198
\c@subsection=\count199
\c@subsubsection=\count266
\c@paragraph=\count267
\c@subparagraph=\count268
\c@figure=\count269
\c@table=\count270
\abovecaptionskip=\skip49
\belowcaptionskip=\skip50
\bibindent=\dimen141
)
(/usr/share/texlive/texmf-dist/tex/latex/geometry/geometry.sty
Package: geometry 2020/01/02 v5.9 Page Geometry

(/usr/share/texlive/texmf-dist/tex/latex/graphics/keyval.sty
Package: keyval 2022/05/29 v1.15 key=value parser (DPC)
\KV@toks@=\toks17
)
(/usr/share/texlive/texmf-dist/tex/generic/iftex/ifvtex.sty
Package: ifvtex 2019/10/25 v1.7 ifvtex legacy package. Use iftex instead.

(/usr/share/texlive/texmf-dist/tex/generic/iftex/iftex.sty
Package: iftex 2024/12/12 v1.0g TeX engine tests
))
\Gm@cnth=\count271
\Gm@cntv=\count272
\c@Gm@tempcnt=\count273
\Gm@bindingoffset=\dimen142
\Gm@wd@mp=\dimen143
\Gm@odd@mp=\dimen144
\Gm@even@mp=\dimen145
\Gm@layoutwidth=\dimen146
\Gm@layoutheight=\dimen147
\Gm@layouthoffset=\dimen148
\Gm@layoutvoffset=\dimen149
\Gm@dimlist=\toks18
)
(/usr/share/texlive/texmf-dist/tex/latex/koma-script/scrextend.sty
Package: scrextend 2024/10/24 v3.43 KOMA-Script package (extend other classes w
ith features of KOMA-Script classes)

(/usr/share/texlive/texmf-dist/tex/latex/koma-script/scrkbase.sty
Package: scrkbase 2024/10/24 v3.43 KOMA-Script package (KOMA-Script-dependent b
asics and keyval usage)

(/usr/share/texlive/texmf-dist/tex/latex/koma-script/scrbase.sty
Package: scrbase 2024/10/24 v3.43 KOMA-Script package (KOMA-Script-independent 
basics and keyval usage)

(/usr/share/texlive/texmf-dist/tex/latex/koma-script/scrlfile.sty
Package: scrlfile 2024/10/24 v3.43 KOMA-Script package (file load hooks)

(/usr/share/texlive/texmf-dist/tex/latex/koma-script/scrlfile-hook.sty
Package: scrlfile-hook 2024/10/24 v3.43 KOMA-Script package (using LaTeX hooks)


(/usr/share/texlive/texmf-dist/tex/latex/koma-script/scrlogo.sty
Package: scrlogo 2024/10/24 v3.43 KOMA-Script package (logo)
)))
Applying: [2021/05/01] Usage of raw or classic option list on input line 254.
Already applied: [0000/00/00] Usage of raw or classic option list on input line
 370.
)))
Package scrextend Info: File `scrsize11pt.clo' used to setup font sizes on inpu
t line 6.

(/usr/share/texlive/texmf-dist/tex/latex/koma-script/scrsize11pt.clo
File: scrsize11pt.clo 2024/10/24 v3.43 KOMA-Script font size class option (11pt
)
)
(/usr/share/texlive/texmf-dist/tex/generic/babel/babel.sty
Package: babel 2025/02/14 v25.4 The multilingual framework for pdfLaTeX, LuaLaT
eX and XeLaTeX
\babel@savecnt=\count274
\U@D=\dimen150
\l@unhyphenated=\language90

(/usr/share/texlive/texmf-dist/tex/generic/babel/txtbabel.def)
\bbl@readstream=\read2
\bbl@dirlevel=\count275

(/usr/share/texlive/texmf-dist/tex/generic/babel-english/english.ldf
Language: english 2017/06/06 v3.3r English support from the babel system
Package babel Info: Hyphen rules for 'canadian' set to \l@english
(babel)             (\language0). Reported on input line 102.
Package babel Info: Hyphen rules for 'australian' set to \l@ukenglish
(babel)             (\language85). Reported on input line 105.
Package babel Info: Hyphen rules for 'newzealand' set to \l@ukenglish
(babel)             (\language85). Reported on input line 108.
))
(/usr/share/texlive/texmf-dist/tex/generic/babel/locale/en/babel-english.tex
Package babel Info: Importing font and identification data for english
(babel)             from babel-en.ini. Reported on input line 11.
)
(/usr/share/texlive/texmf-dist/tex/latex/babelbib/babelbib.sty
Package: babelbib 2021/01/06 v1.34 babelbib: multilingual bibliographies
\c@btxromaniannumeral=\count276
)
(/usr/share/texlive/texmf-dist/tex/latex/minted/minted.sty
Package: minted 2025/03/06 v3.6.0 Yet another Pygments shim for LaTeX

(/usr/share/texlive/texmf-dist/tex/generic/catchfile/catchfile.sty
Package: catchfile 2019/12/09 v1.8 Catch the contents of a file (HO)

(/usr/share/texlive/texmf-dist/tex/generic/infwarerr/infwarerr.sty
Package: infwarerr 2019/12/03 v1.5 Providing info/warning/error messages (HO)
)
(/usr/share/texlive/texmf-dist/tex/generic/ltxcmds/ltxcmds.sty
Package: ltxcmds 2023-12-04 v1.26 LaTeX kernel commands for general use (HO)
)
(/usr/share/texlive/texmf-dist/tex/generic/etexcmds/etexcmds.sty
Package: etexcmds 2019/12/15 v1.7 Avoid name clashes with e-TeX commands (HO)
))
(/usr/share/texlive/texmf-dist/tex/latex/etoolbox/etoolbox.sty
Package: etoolbox 2025/02/11 v2.5l e-TeX tools for LaTeX (JAW)
\etb@tempcnta=\count277
)
(/usr/share/texlive/texmf-dist/tex/latex/fvextra/fvextra.sty
Package: fvextra 2025/03/04 v1.12.0 fvextra - extensions and patches for fancyv
rb

(/usr/share/texlive/texmf-dist/tex/latex/fancyvrb/fancyvrb.sty
Package: fancyvrb 2024/01/20 4.5c verbatim text (tvz,hv)
\FV@CodeLineNo=\count278
\FV@InFile=\read3
\FV@TabBox=\box52
\c@FancyVerbLine=\count279
\FV@StepNumber=\count280
\FV@OutFile=\write3
)
(/usr/share/texlive/texmf-dist/tex/generic/pdftexcmds/pdftexcmds.sty
Package: pdftexcmds 2020-06-27 v0.33 Utility functions of pdfTeX for LuaTeX (HO
)
Package pdftexcmds Info: \pdf@primitive is available.
Package pdftexcmds Info: \pdf@ifprimitive is available.
Package pdftexcmds Info: \pdfdraftmode found.
)
(/usr/share/texlive/texmf-dist/tex/latex/upquote/upquote.sty
Package: upquote 2012/04/19 v1.3 upright-quote and grave-accent glyphs in verba
tim
)
(/usr/share/texlive/texmf-dist/tex/latex/lineno/lineno.sty
Package: lineno 2025/01/29 line numbers on paragraphs v5.4

(/usr/share/texlive/texmf-dist/tex/latex/kvoptions/kvoptions.sty
Package: kvoptions 2022-06-15 v3.15 Key value format for package options (HO)

(/usr/share/texlive/texmf-dist/tex/latex/kvsetkeys/kvsetkeys.sty
Package: kvsetkeys 2022-10-05 v1.19 Key value parser (HO)
))
\linenopenalty=\count281
\output=\toks19
\linenoprevgraf=\count282
\linenumbersep=\dimen151
\linenumberwidth=\dimen152
\c@linenumber=\count283
\c@pagewiselinenumber=\count284
\c@LN@truepage=\count285
\c@internallinenumber=\count286
\c@internallinenumbers=\count287
\quotelinenumbersep=\dimen153
\bframerule=\dimen154
\bframesep=\dimen155
\bframebox=\box53
LaTeX Info: Redefining \\ on input line 3187.
)
\c@FancyVerbWriteLine=\count288
\c@FancyVerbBufferLine=\count289
\c@FV@TrueTabGroupLevel=\count290
\c@FV@TrueTabCounter=\count291
\FV@TabBox@Group=\box54
\FV@bgcolorstructbox=\box55
\FV@TmpLength=\skip51
\c@FV@HighlightLinesStart=\count292
\c@FV@HighlightLinesStop=\count293
\FV@LoopCount=\count294
\FV@NCharsBox=\box56
\FV@BreakIndent=\dimen156
\FV@BreakIndentNChars=\count295
\FV@BreakSymbolSepLeft=\dimen157
\FV@BreakSymbolSepLeftNChars=\count296
\FV@BreakSymbolSepRight=\dimen158
\FV@BreakSymbolSepRightNChars=\count297
\FV@BreakSymbolIndentLeft=\dimen159
\FV@BreakSymbolIndentLeftNChars=\count298
\FV@BreakSymbolIndentRight=\dimen160
\FV@BreakSymbolIndentRightNChars=\count299
\c@FancyVerbLineBreakLast=\count300
\FV@LineBox=\box57
\FV@LineIndentBox=\box58
\c@FV@BreakBufferDepth=\count301
\FV@LineWidth=\dimen161
)
(/usr/share/texlive/texmf-dist/tex/latex/latex2pydata/latex2pydata.sty
Package: latex2pydata 2025/03/03 v0.5.0 latex2pydata - write data to file in Py
thon literal format
)
(/usr/share/texlive/texmf-dist/tex/latex/pgf/utilities/pgfkeys.sty
(/usr/share/texlive/texmf-dist/tex/generic/pgf/utilities/pgfkeys.code.tex
\pgfkeys@pathtoks=\toks20
\pgfkeys@temptoks=\toks21

(/usr/share/texlive/texmf-dist/tex/generic/pgf/utilities/pgfkeyslibraryfiltered
.code.tex
\pgfkeys@tmptoks=\toks22
))) (/usr/share/texlive/texmf-dist/tex/latex/pgfopts/pgfopts.sty
Package: pgfopts 2014/07/10 v2.1a LaTeX package options with pgfkeys
\pgfopts@list@add@a@toks=\toks23
\pgfopts@list@add@b@toks=\toks24
)
(/usr/share/texlive/texmf-dist/tex/latex/tools/shellesc.sty
Package: shellesc 2023/07/08 v1.0d unified shell escape interface for LaTeX
Package shellesc Info: Restricted shell escape enabled on input line 77.
)
(/usr/share/texlive/texmf-dist/tex/latex/float/float.sty
Package: float 2001/11/08 v1.3d Float enhancements (AL)
\c@float@type=\count302
\float@exts=\toks25
\float@box=\box59
\@float@everytoks=\toks26
\@floatcapt=\box60
)
\c@minted@FancyVerbLineTemp=\count303
\@float@every@listing=\toks27
\c@listing=\count304
)
(/usr/share/texlive/texmf-dist/tex/latex/base/makeidx.sty
Package: makeidx 2021/10/04 v1.0m Standard LaTeX package
)
(/usr/share/texlive/texmf-dist/tex/latex/csquotes/csquotes.sty
Package: csquotes 2024-04-04 v5.2o context-sensitive quotations (JAW)
\csq@reset=\count305
\csq@gtype=\count306
\csq@glevel=\count307
\csq@qlevel=\count308
\csq@maxlvl=\count309
\csq@tshold=\count310
\csq@ltx@everypar=\toks28

(/usr/share/texlive/texmf-dist/tex/latex/csquotes/csquotes.def
File: csquotes.def 2024-04-04 v5.2o csquotes generic definitions (JAW)
)
Package csquotes Info: Trying to load configuration file 'csquotes.cfg'...
Package csquotes Info: ... configuration file loaded successfully.

(/usr/share/texlive/texmf-dist/tex/latex/csquotes/csquotes.cfg
File: csquotes.cfg 
))
(/usr/share/texlive/texmf-dist/tex/latex/base/inputenc.sty
Package: inputenc 2024/02/08 v1.3d Input encoding file
\inpenc@prehook=\toks29
\inpenc@posthook=\toks30
)
(./unicode_support.tex
(/usr/share/texlive/texmf-dist/tex/latex/tikzsymbols/tikzsymbols.sty
(/usr/share/texlive/texmf-dist/tex/latex/l3packages/xparse/xparse.sty
(/usr/share/texlive/texmf-dist/tex/latex/l3kernel/expl3.sty
Package: expl3 2025-01-18 L3 programming layer (loader) 

(/usr/share/texlive/texmf-dist/tex/latex/l3backend/l3backend-pdftex.def
File: l3backend-pdftex.def 2024-05-08 L3 backend support: PDF output (pdfTeX)
\l__color_backend_stack_int=\count311
\l__pdf_internal_box=\box61
))
Package: xparse 2024-08-16 L3 Experimental document command parser
)
Package: tikzsymbols 2021/12/14 v4.12a Some symbols created using tikz and LaTe
X3.

(/usr/share/texlive/texmf-dist/tex/latex/pgf/frontendlayer/tikz.sty
(/usr/share/texlive/texmf-dist/tex/latex/pgf/basiclayer/pgf.sty
(/usr/share/texlive/texmf-dist/tex/latex/pgf/utilities/pgfrcs.sty
(/usr/share/texlive/texmf-dist/tex/generic/pgf/utilities/pgfutil-common.tex
\pgfutil@everybye=\toks31
\pgfutil@tempdima=\dimen162
\pgfutil@tempdimb=\dimen163
)
(/usr/share/texlive/texmf-dist/tex/generic/pgf/utilities/pgfutil-latex.def
\pgfutil@abb=\box62
)
(/usr/share/texlive/texmf-dist/tex/generic/pgf/utilities/pgfrcs.code.tex
(/usr/share/texlive/texmf-dist/tex/generic/pgf/pgf.revision.tex)
Package: pgfrcs 2023-01-15 v3.1.10 (3.1.10)
))
Package: pgf 2023-01-15 v3.1.10 (3.1.10)

(/usr/share/texlive/texmf-dist/tex/latex/pgf/basiclayer/pgfcore.sty
(/usr/share/texlive/texmf-dist/tex/latex/graphics/graphicx.sty
Package: graphicx 2021/09/16 v1.2d Enhanced LaTeX Graphics (DPC,SPQR)

(/usr/share/texlive/texmf-dist/tex/latex/graphics/graphics.sty
Package: graphics 2024/08/06 v1.4g Standard LaTeX Graphics (DPC,SPQR)

(/usr/share/texlive/texmf-dist/tex/latex/graphics/trig.sty
Package: trig 2023/12/02 v1.11 sin cos tan (DPC)
)
(/usr/share/texlive/texmf-dist/tex/latex/graphics-cfg/graphics.cfg
File: graphics.cfg 2016/06/04 v1.11 sample graphics configuration
)
Package graphics Info: Driver file: pdftex.def on input line 106.

(/usr/share/texlive/texmf-dist/tex/latex/graphics-def/pdftex.def
File: pdftex.def 2024/04/13 v1.2c Graphics/color driver for pdftex
))
\Gin@req@height=\dimen164
\Gin@req@width=\dimen165
)
(/usr/share/texlive/texmf-dist/tex/latex/pgf/systemlayer/pgfsys.sty
(/usr/share/texlive/texmf-dist/tex/generic/pgf/systemlayer/pgfsys.code.tex
Package: pgfsys 2023-01-15 v3.1.10 (3.1.10)
\pgf@x=\dimen166
\pgf@y=\dimen167
\pgf@xa=\dimen168
\pgf@ya=\dimen169
\pgf@xb=\dimen170
\pgf@yb=\dimen171
\pgf@xc=\dimen172
\pgf@yc=\dimen173
\pgf@xd=\dimen174
\pgf@yd=\dimen175
\w@pgf@writea=\write4
\r@pgf@reada=\read4
\c@pgf@counta=\count312
\c@pgf@countb=\count313
\c@pgf@countc=\count314
\c@pgf@countd=\count315
\t@pgf@toka=\toks32
\t@pgf@tokb=\toks33
\t@pgf@tokc=\toks34
\pgf@sys@id@count=\count316

(/usr/share/texlive/texmf-dist/tex/generic/pgf/systemlayer/pgf.cfg
File: pgf.cfg 2023-01-15 v3.1.10 (3.1.10)
)
Driver file for pgf: pgfsys-pdftex.def

(/usr/share/texlive/texmf-dist/tex/generic/pgf/systemlayer/pgfsys-pdftex.def
File: pgfsys-pdftex.def 2023-01-15 v3.1.10 (3.1.10)

(/usr/share/texlive/texmf-dist/tex/generic/pgf/systemlayer/pgfsys-common-pdf.de
f
File: pgfsys-common-pdf.def 2023-01-15 v3.1.10 (3.1.10)
)))
(/usr/share/texlive/texmf-dist/tex/generic/pgf/systemlayer/pgfsyssoftpath.code.
tex
File: pgfsyssoftpath.code.tex 2023-01-15 v3.1.10 (3.1.10)
\pgfsyssoftpath@smallbuffer@items=\count317
\pgfsyssoftpath@bigbuffer@items=\count318
)
(/usr/share/texlive/texmf-dist/tex/generic/pgf/systemlayer/pgfsysprotocol.code.
tex
File: pgfsysprotocol.code.tex 2023-01-15 v3.1.10 (3.1.10)
)) (/usr/share/texlive/texmf-dist/tex/latex/xcolor/xcolor.sty
Package: xcolor 2024/09/29 v3.02 LaTeX color extensions (UK)

(/usr/share/texlive/texmf-dist/tex/latex/graphics-cfg/color.cfg
File: color.cfg 2016/01/02 v1.6 sample color configuration
)
Package xcolor Info: Driver file: pdftex.def on input line 274.

(/usr/share/texlive/texmf-dist/tex/latex/graphics/mathcolor.ltx)
Package xcolor Info: Model `cmy' substituted by `cmy0' on input line 1349.
Package xcolor Info: Model `hsb' substituted by `rgb' on input line 1353.
Package xcolor Info: Model `RGB' extended on input line 1365.
Package xcolor Info: Model `HTML' substituted by `rgb' on input line 1367.
Package xcolor Info: Model `Hsb' substituted by `hsb' on input line 1368.
Package xcolor Info: Model `tHsb' substituted by `hsb' on input line 1369.
Package xcolor Info: Model `HSB' substituted by `hsb' on input line 1370.
Package xcolor Info: Model `Gray' substituted by `gray' on input line 1371.
Package xcolor Info: Model `wave' substituted by `hsb' on input line 1372.
)
(/usr/share/texlive/texmf-dist/tex/generic/pgf/basiclayer/pgfcore.code.tex
Package: pgfcore 2023-01-15 v3.1.10 (3.1.10)

(/usr/share/texlive/texmf-dist/tex/generic/pgf/math/pgfmath.code.tex
(/usr/share/texlive/texmf-dist/tex/generic/pgf/math/pgfmathutil.code.tex)
(/usr/share/texlive/texmf-dist/tex/generic/pgf/math/pgfmathparser.code.tex
\pgfmath@dimen=\dimen176
\pgfmath@count=\count319
\pgfmath@box=\box63
\pgfmath@toks=\toks35
\pgfmath@stack@operand=\toks36
\pgfmath@stack@operation=\toks37
)
(/usr/share/texlive/texmf-dist/tex/generic/pgf/math/pgfmathfunctions.code.tex)
(/usr/share/texlive/texmf-dist/tex/generic/pgf/math/pgfmathfunctions.basic.code
.tex)
(/usr/share/texlive/texmf-dist/tex/generic/pgf/math/pgfmathfunctions.trigonomet
ric.code.tex)
(/usr/share/texlive/texmf-dist/tex/generic/pgf/math/pgfmathfunctions.random.cod
e.tex)
(/usr/share/texlive/texmf-dist/tex/generic/pgf/math/pgfmathfunctions.comparison
.code.tex)
(/usr/share/texlive/texmf-dist/tex/generic/pgf/math/pgfmathfunctions.base.code.
tex)
(/usr/share/texlive/texmf-dist/tex/generic/pgf/math/pgfmathfunctions.round.code
.tex)
(/usr/share/texlive/texmf-dist/tex/generic/pgf/math/pgfmathfunctions.misc.code.
tex)
(/usr/share/texlive/texmf-dist/tex/generic/pgf/math/pgfmathfunctions.integerari
thmetics.code.tex)
(/usr/share/texlive/texmf-dist/tex/generic/pgf/math/pgfmathcalc.code.tex)
(/usr/share/texlive/texmf-dist/tex/generic/pgf/math/pgfmathfloat.code.tex
\c@pgfmathroundto@lastzeros=\count320
))
(/usr/share/texlive/texmf-dist/tex/generic/pgf/math/pgfint.code.tex)
(/usr/share/texlive/texmf-dist/tex/generic/pgf/basiclayer/pgfcorepoints.code.te
x
File: pgfcorepoints.code.tex 2023-01-15 v3.1.10 (3.1.10)
\pgf@picminx=\dimen177
\pgf@picmaxx=\dimen178
\pgf@picminy=\dimen179
\pgf@picmaxy=\dimen180
\pgf@pathminx=\dimen181
\pgf@pathmaxx=\dimen182
\pgf@pathminy=\dimen183
\pgf@pathmaxy=\dimen184
\pgf@xx=\dimen185
\pgf@xy=\dimen186
\pgf@yx=\dimen187
\pgf@yy=\dimen188
\pgf@zx=\dimen189
\pgf@zy=\dimen190
)
(/usr/share/texlive/texmf-dist/tex/generic/pgf/basiclayer/pgfcorepathconstruct.
code.tex
File: pgfcorepathconstruct.code.tex 2023-01-15 v3.1.10 (3.1.10)
\pgf@path@lastx=\dimen191
\pgf@path@lasty=\dimen192
)
(/usr/share/texlive/texmf-dist/tex/generic/pgf/basiclayer/pgfcorepathusage.code
.tex
File: pgfcorepathusage.code.tex 2023-01-15 v3.1.10 (3.1.10)
\pgf@shorten@end@additional=\dimen193
\pgf@shorten@start@additional=\dimen194
)
(/usr/share/texlive/texmf-dist/tex/generic/pgf/basiclayer/pgfcorescopes.code.te
x
File: pgfcorescopes.code.tex 2023-01-15 v3.1.10 (3.1.10)
\pgfpic=\box64
\pgf@hbox=\box65
\pgf@layerbox@main=\box66
\pgf@picture@serial@count=\count321
)
(/usr/share/texlive/texmf-dist/tex/generic/pgf/basiclayer/pgfcoregraphicstate.c
ode.tex
File: pgfcoregraphicstate.code.tex 2023-01-15 v3.1.10 (3.1.10)
\pgflinewidth=\dimen195
)
(/usr/share/texlive/texmf-dist/tex/generic/pgf/basiclayer/pgfcoretransformation
s.code.tex
File: pgfcoretransformations.code.tex 2023-01-15 v3.1.10 (3.1.10)
\pgf@pt@x=\dimen196
\pgf@pt@y=\dimen197
\pgf@pt@temp=\dimen198
)
(/usr/share/texlive/texmf-dist/tex/generic/pgf/basiclayer/pgfcorequick.code.tex
File: pgfcorequick.code.tex 2023-01-15 v3.1.10 (3.1.10)
)
(/usr/share/texlive/texmf-dist/tex/generic/pgf/basiclayer/pgfcoreobjects.code.t
ex
File: pgfcoreobjects.code.tex 2023-01-15 v3.1.10 (3.1.10)
)
(/usr/share/texlive/texmf-dist/tex/generic/pgf/basiclayer/pgfcorepathprocessing
.code.tex
File: pgfcorepathprocessing.code.tex 2023-01-15 v3.1.10 (3.1.10)
)
(/usr/share/texlive/texmf-dist/tex/generic/pgf/basiclayer/pgfcorearrows.code.te
x
File: pgfcorearrows.code.tex 2023-01-15 v3.1.10 (3.1.10)
\pgfarrowsep=\dimen199
)
(/usr/share/texlive/texmf-dist/tex/generic/pgf/basiclayer/pgfcoreshade.code.tex
File: pgfcoreshade.code.tex 2023-01-15 v3.1.10 (3.1.10)
\pgf@max=\dimen256
\pgf@sys@shading@range@num=\count322
\pgf@shadingcount=\count323
)
(/usr/share/texlive/texmf-dist/tex/generic/pgf/basiclayer/pgfcoreimage.code.tex
File: pgfcoreimage.code.tex 2023-01-15 v3.1.10 (3.1.10)
)
(/usr/share/texlive/texmf-dist/tex/generic/pgf/basiclayer/pgfcoreexternal.code.
tex
File: pgfcoreexternal.code.tex 2023-01-15 v3.1.10 (3.1.10)
\pgfexternal@startupbox=\box67
)
(/usr/share/texlive/texmf-dist/tex/generic/pgf/basiclayer/pgfcorelayers.code.te
x
File: pgfcorelayers.code.tex 2023-01-15 v3.1.10 (3.1.10)
)
(/usr/share/texlive/texmf-dist/tex/generic/pgf/basiclayer/pgfcoretransparency.c
ode.tex
File: pgfcoretransparency.code.tex 2023-01-15 v3.1.10 (3.1.10)
)
(/usr/share/texlive/texmf-dist/tex/generic/pgf/basiclayer/pgfcorepatterns.code.
tex
File: pgfcorepatterns.code.tex 2023-01-15 v3.1.10 (3.1.10)
)
(/usr/share/texlive/texmf-dist/tex/generic/pgf/basiclayer/pgfcorerdf.code.tex
File: pgfcorerdf.code.tex 2023-01-15 v3.1.10 (3.1.10)
)))
(/usr/share/texlive/texmf-dist/tex/generic/pgf/modules/pgfmoduleshapes.code.tex
File: pgfmoduleshapes.code.tex 2023-01-15 v3.1.10 (3.1.10)
\pgfnodeparttextbox=\box68
) (/usr/share/texlive/texmf-dist/tex/generic/pgf/modules/pgfmoduleplot.code.tex
File: pgfmoduleplot.code.tex 2023-01-15 v3.1.10 (3.1.10)
)
(/usr/share/texlive/texmf-dist/tex/latex/pgf/compatibility/pgfcomp-version-0-65
.sty
Package: pgfcomp-version-0-65 2023-01-15 v3.1.10 (3.1.10)
\pgf@nodesepstart=\dimen257
\pgf@nodesepend=\dimen258
)
(/usr/share/texlive/texmf-dist/tex/latex/pgf/compatibility/pgfcomp-version-1-18
.sty
Package: pgfcomp-version-1-18 2023-01-15 v3.1.10 (3.1.10)
)) (/usr/share/texlive/texmf-dist/tex/latex/pgf/utilities/pgffor.sty
(/usr/share/texlive/texmf-dist/tex/latex/pgf/math/pgfmath.sty
(/usr/share/texlive/texmf-dist/tex/generic/pgf/math/pgfmath.code.tex))
(/usr/share/texlive/texmf-dist/tex/generic/pgf/utilities/pgffor.code.tex
Package: pgffor 2023-01-15 v3.1.10 (3.1.10)
\pgffor@iter=\dimen259
\pgffor@skip=\dimen260
\pgffor@stack=\toks38
\pgffor@toks=\toks39
))
(/usr/share/texlive/texmf-dist/tex/generic/pgf/frontendlayer/tikz/tikz.code.tex
Package: tikz 2023-01-15 v3.1.10 (3.1.10)

(/usr/share/texlive/texmf-dist/tex/generic/pgf/libraries/pgflibraryplothandlers
.code.tex
File: pgflibraryplothandlers.code.tex 2023-01-15 v3.1.10 (3.1.10)
\pgf@plot@mark@count=\count324
\pgfplotmarksize=\dimen261
)
\tikz@lastx=\dimen262
\tikz@lasty=\dimen263
\tikz@lastxsaved=\dimen264
\tikz@lastysaved=\dimen265
\tikz@lastmovetox=\dimen266
\tikz@lastmovetoy=\dimen267
\tikzleveldistance=\dimen268
\tikzsiblingdistance=\dimen269
\tikz@figbox=\box69
\tikz@figbox@bg=\box70
\tikz@tempbox=\box71
\tikz@tempbox@bg=\box72
\tikztreelevel=\count325
\tikznumberofchildren=\count326
\tikznumberofcurrentchild=\count327
\tikz@fig@count=\count328

(/usr/share/texlive/texmf-dist/tex/generic/pgf/modules/pgfmodulematrix.code.tex
File: pgfmodulematrix.code.tex 2023-01-15 v3.1.10 (3.1.10)
\pgfmatrixcurrentrow=\count329
\pgfmatrixcurrentcolumn=\count330
\pgf@matrix@numberofcolumns=\count331
)
\tikz@expandcount=\count332

(/usr/share/texlive/texmf-dist/tex/generic/pgf/frontendlayer/tikz/libraries/tik
zlibrarytopaths.code.tex
File: tikzlibrarytopaths.code.tex 2023-01-15 v3.1.10 (3.1.10)
)))
(/usr/share/texlive/texmf-dist/tex/latex/tools/xspace.sty
Package: xspace 2014/10/28 v1.13 Space after command names (DPC,MH)
)
(/usr/share/texlive/texmf-dist/tex/latex/l3packages/l3keys2e/l3keys2e.sty
Package: l3keys2e 2024-08-16 LaTeX2e option processing using LaTeX3 keys
)
(/usr/share/texlive/texmf-dist/tex/generic/pgf/frontendlayer/tikz/libraries/tik
zlibraryarrows.code.tex
File: tikzlibraryarrows.code.tex 2023-01-15 v3.1.10 (3.1.10)

(/usr/share/texlive/texmf-dist/tex/generic/pgf/libraries/pgflibraryarrows.code.
tex
File: pgflibraryarrows.code.tex 2023-01-15 v3.1.10 (3.1.10)
\arrowsize=\dimen270
))
(/usr/share/texlive/texmf-dist/tex/generic/pgf/frontendlayer/tikz/libraries/tik
zlibrarydecorations.pathmorphing.code.tex
(/usr/share/texlive/texmf-dist/tex/generic/pgf/frontendlayer/tikz/libraries/tik
zlibrarydecorations.code.tex
(/usr/share/texlive/texmf-dist/tex/generic/pgf/modules/pgfmoduledecorations.cod
e.tex
\pgfdecoratedcompleteddistance=\dimen271
\pgfdecoratedremainingdistance=\dimen272
\pgfdecoratedinputsegmentcompleteddistance=\dimen273
\pgfdecoratedinputsegmentremainingdistance=\dimen274
\pgf@decorate@distancetomove=\dimen275
\pgf@decorate@repeatstate=\count333
\pgfdecorationsegmentamplitude=\dimen276
\pgfdecorationsegmentlength=\dimen277
)
\tikz@lib@dec@box=\box73
)
(/usr/share/texlive/texmf-dist/tex/generic/pgf/libraries/decorations/pgflibrary
decorations.pathmorphing.code.tex))
(/usr/share/texlive/texmf-dist/tex/generic/pgf/frontendlayer/tikz/libraries/tik
zlibrarytrees.code.tex
File: tikzlibrarytrees.code.tex 2023-01-15 v3.1.10 (3.1.10)
)
\l__tikzsymbols_Moai_thickness_dim=\dimen278
\l__tikzsymbols_Kochtopf_nr_arguments_int=\count334
\l__tikzsymbols_Bratpfanne_nr_arguments_int=\count335
\l__tikzsymbols_Schneebesen_nr_arguments_int=\count336
\l__tikzsymbols_Sieb_nr_arguments_int=\count337
\l__tikzsymbols_Purierstab_nr_arguments_int=\count338
\l__tikzsymbols_Dreizack_nr_arguments_int=\count339
\l__tikzsymbols_Backblech_nr_arguments_int=\count340
\l__tikzsymbols_Ofen_nr_arguments_int=\count341
\l__tikzsymbols_Pfanne_nr_arguments_int=\count342
\l__tikzsymbols_Herd_nr_arguments_int=\count343
\l__tikzsymbols_Saftpresse_nr_arguments_int=\count344
\l__tikzsymbols_Schussel_nr_arguments_int=\count345
\l__tikzsymbols_Schaler_nr_arguments_int=\count346
\l__tikzsymbols_Reibe_nr_arguments_int=\count347
\l__tikzsymbols_Flasche_nr_arguments_int=\count348
\l__tikzsymbols_Nudelholz_nr_arguments_int=\count349
\l__tikzsymbols_Knoblauchpresse_nr_arguments_int=\count350
\l__tikzsymbols_Sadey_nr_arguments_int=\count351
\l__tikzsymbols_dSadey_nr_arguments_int=\count352
\l__tikzsymbols_Changey_nr_arguments_int=\count353
\l__tikzsymbols_dChangey_nr_arguments_int=\count354
\l__tikzsymbols_cChangey_nr_arguments_int=\count355
\l__tikzsymbols_dcChangey_nr_arguments_int=\count356
\l__tikzsymbols_Annoey_nr_arguments_int=\count357
\l__tikzsymbols_dAnnoey_nr_arguments_int=\count358
\l__tikzsymbols_Smiley_nr_arguments_int=\count359
\l__tikzsymbols_dSmiley_nr_arguments_int=\count360
\l__tikzsymbols_Laughey_nr_arguments_int=\count361
\l__tikzsymbols_dLaughey_nr_arguments_int=\count362
\l__tikzsymbols_Neutrey_nr_arguments_int=\count363
\l__tikzsymbols_dNeutrey_nr_arguments_int=\count364
\l__tikzsymbols_Winkey_nr_arguments_int=\count365
\l__tikzsymbols_oldWinkey_nr_arguments_int=\count366
\l__tikzsymbols_dWinkey_nr_arguments_int=\count367
\l__tikzsymbols_olddWinkey_nr_arguments_int=\count368
\l__tikzsymbols_Sey_nr_arguments_int=\count369
\l__tikzsymbols_dSey_nr_arguments_int=\count370
\l__tikzsymbols_Xey_nr_arguments_int=\count371
\l__tikzsymbols_dXey_nr_arguments_int=\count372
\l__tikzsymbols_Innocey_nr_arguments_int=\count373
\l__tikzsymbols_wInnocey_nr_arguments_int=\count374
\l__tikzsymbols_dInnocey_nr_arguments_int=\count375
\l__tikzsymbols_Cooley_nr_arguments_int=\count376
\l__tikzsymbols_dCooley_nr_arguments_int=\count377
\l__tikzsymbols_Tongey_nr_arguments_int=\count378
\l__tikzsymbols_dTongey_nr_arguments_int=\count379
\l__tikzsymbols_Nursey_nr_arguments_int=\count380
\l__tikzsymbols_dNursey_nr_arguments_int=\count381
\l__tikzsymbols_Vomey_nr_arguments_int=\count382
\l__tikzsymbols_dVomey_nr_arguments_int=\count383
\l__tikzsymbols_Walley_nr_arguments_int=\count384
\l__tikzsymbols_rWalley_nr_arguments_int=\count385
\l__tikzsymbols_dWalley_nr_arguments_int=\count386
\l__tikzsymbols_drWalley_nr_arguments_int=\count387
\l__tikzsymbols_Cat_nr_arguments_int=\count388
\l__tikzsymbols_SchrodingersCat_nr_arguments_int=\count389
\l__tikzsymbols_Ninja_nr_arguments_int=\count390
\l__tikzsymbols_dNinja_nr_arguments_int=\count391
\l__tikzsymbols_Sleepey_nr_arguments_int=\count392
\l__tikzsymbols_dSleepey_nr_arguments_int=\count393
\l__tikzsymbols_Maskey_nr_arguments_int=\count394
\l__tikzsymbols_NiceReapey_nr_arguments_int=\count395
\l__tikzsymbols_Strichmaxerl_nr_arguments_int=\count396
\l__tikzsymbols_Person_nr_arguments_int=\count397
\l__tikzsymbols_Heart_nr_arguments_int=\count398
\l__tikzsymbols_dHeart_nr_arguments_int=\count399
\l__tikzsymbols_HeartBroken_nr_arguments_int=\count400
\l__tikzsymbols_Candle_nr_arguments_int=\count401
\l__tikzsymbols_Fire_nr_arguments_int=\count402
\l__tikzsymbols_Coffeecup_nr_arguments_int=\count403
\l__tikzsymbols_Chair_nr_arguments_int=\count404
\l__tikzsymbols_Bed_nr_arguments_int=\count405
\l__tikzsymbols_Tribar_nr_arguments_int=\count406
\l__tikzsymbols_Moai_nr_arguments_int=\count407
\l__tikzsymbols_Snowman_nr_arguments_int=\count408
\l__tikzsymbols_BasicTree_nr_arguments_int=\count409
\l__tikzsymbols_WorstTree_nr_arguments_int=\count410
\l__tikzsymbols_Springtree_nr_arguments_int=\count411
\l__tikzsymbols_Summertree_nr_arguments_int=\count412
\l__tikzsymbols_Autumntree_nr_arguments_int=\count413
\l__tikzsymbols_Wintertree_nr_arguments_int=\count414
)
(/usr/share/texlive/texmf-dist/tex/latex/base/textcomp.sty
Package: textcomp 2024/04/24 v2.1b Standard LaTeX package
)
(/usr/share/texmf/tex/latex/CJK/CJKutf8.sty
Package: CJKutf8 2021/10/16 4.8.5

(/usr/share/texlive/texmf-dist/tex/generic/iftex/ifpdf.sty
Package: ifpdf 2019/10/25 v3.4 ifpdf legacy package. Use iftex instead.
)
(/usr/share/texmf/tex/latex/CJK/CJK.sty
Package: CJK 2021/10/16 4.8.5

(/usr/share/texmf/tex/latex/CJK/mule/MULEenc.sty
Package: MULEenc 2021/10/16 4.8.5
)
(/usr/share/texmf/tex/latex/CJK/CJK.enc
File: CJK.enc 2021/10/16 4.8.5
Now handling font encoding C00 ...
... no UTF-8 mapping file for font encoding C00
Now handling font encoding C05 ...
... no UTF-8 mapping file for font encoding C05
Now handling font encoding C09 ...
... no UTF-8 mapping file for font encoding C09
Now handling font encoding C10 ...
... no UTF-8 mapping file for font encoding C10
Now handling font encoding C20 ...
... no UTF-8 mapping file for font encoding C20
Now handling font encoding C19 ...
... no UTF-8 mapping file for font encoding C19
Now handling font encoding C40 ...
... no UTF-8 mapping file for font encoding C40
Now handling font encoding C42 ...
... no UTF-8 mapping file for font encoding C42
Now handling font encoding C43 ...
... no UTF-8 mapping file for font encoding C43
Now handling font encoding C50 ...
... no UTF-8 mapping file for font encoding C50
Now handling font encoding C52 ...
... no UTF-8 mapping file for font encoding C52
Now handling font encoding C49 ...
... no UTF-8 mapping file for font encoding C49
Now handling font encoding C60 ...
... no UTF-8 mapping file for font encoding C60
Now handling font encoding C61 ...
... no UTF-8 mapping file for font encoding C61
Now handling font encoding C63 ...
... no UTF-8 mapping file for font encoding C63
Now handling font encoding C64 ...
... no UTF-8 mapping file for font encoding C64
Now handling font encoding C65 ...
... no UTF-8 mapping file for font encoding C65
Now handling font encoding C70 ...
... no UTF-8 mapping file for font encoding C70
Now handling font encoding C31 ...
... no UTF-8 mapping file for font encoding C31
Now handling font encoding C32 ...
... no UTF-8 mapping file for font encoding C32
Now handling font encoding C33 ...
... no UTF-8 mapping file for font encoding C33
Now handling font encoding C34 ...
... no UTF-8 mapping file for font encoding C34
Now handling font encoding C35 ...
... no UTF-8 mapping file for font encoding C35
Now handling font encoding C36 ...
... no UTF-8 mapping file for font encoding C36
Now handling font encoding C37 ...
... no UTF-8 mapping file for font encoding C37
Now handling font encoding C80 ...
... no UTF-8 mapping file for font encoding C80
Now handling font encoding C81 ...
... no UTF-8 mapping file for font encoding C81
Now handling font encoding C01 ...
... no UTF-8 mapping file for font encoding C01
Now handling font encoding C11 ...
... no UTF-8 mapping file for font encoding C11
Now handling font encoding C21 ...
... no UTF-8 mapping file for font encoding C21
Now handling font encoding C41 ...
... no UTF-8 mapping file for font encoding C41
Now handling font encoding C62 ...
... no UTF-8 mapping file for font encoding C62
)
\CJK@indent=\box74
)
(/usr/share/texlive/texmf-dist/tex/latex/base/fontenc.sty
Package: fontenc 2021/04/29 v2.0v Standard LaTeX package
))
\UnicodeHanBox=\box75
\UnicodeMusicalGClefBox=\box76
   defining Unicode char U+0398 (decimal 920)
   defining Unicode char U+03C0 (decimal 960)
   defining Unicode char U+2603 (decimal 9731)
   defining Unicode char U+1F600 (decimal 128512)
   defining Unicode char U+6F22 (decimal 28450)
   defining Unicode char U+1D11E (decimal 119070)
   defining Unicode char U+0301 (decimal 769)
   defining Unicode char U+2014 (decimal 8212)
   defining Unicode char U+2019 (decimal 8217)
   defining Unicode char U+201C (decimal 8220)
   defining Unicode char U+201D (decimal 8221)
)
(/usr/share/texlive/texmf-dist/tex/latex/psnfss/pifont.sty
Package: pifont 2020/03/25 PSNFSS-v9.3 Pi font support (SPQR) 
LaTeX Font Info:    Trying to load font information for U+pzd on input line 63.


(/usr/share/texlive/texmf-dist/tex/latex/psnfss/upzd.fd
File: upzd.fd 2001/06/04 font definitions for U/pzd.
)
LaTeX Font Info:    Trying to load font information for U+psy on input line 64.


(/usr/share/texlive/texmf-dist/tex/latex/psnfss/upsy.fd
File: upsy.fd 2001/06/04 font definitions for U/psy.
))
(/usr/share/texlive/texmf-dist/tex/latex/base/fontenc.sty
Package: fontenc 2021/04/29 v2.0v Standard LaTeX package
)
(/usr/share/texlive/texmf-dist/tex/latex/amsfonts/amssymb.sty
Package: amssymb 2013/01/14 v3.01 AMS font symbols

(/usr/share/texlive/texmf-dist/tex/latex/amsfonts/amsfonts.sty
Package: amsfonts 2013/01/14 v3.01 Basic AMSFonts support
\@emptytoks=\toks40
\symAMSa=\mathgroup4
\symAMSb=\mathgroup5
LaTeX Font Info:    Redeclaring math symbol \hbar on input line 98.
LaTeX Font Info:    Overwriting math alphabet `\mathfrak' in version `bold'
(Font)                  U/euf/m/n --> U/euf/b/n on input line 106.
))
(/usr/share/texlive/texmf-dist/tex/latex/caption/subcaption.sty
Package: subcaption 2023/07/28 v1.6b Sub-captions (AR)

(/usr/share/texlive/texmf-dist/tex/latex/caption/caption.sty
Package: caption 2023/08/05 v3.6o Customizing captions (AR)

(/usr/share/texlive/texmf-dist/tex/latex/caption/caption3.sty
Package: caption3 2023/07/31 v2.4d caption3 kernel (AR)
\caption@tempdima=\dimen279
\captionmargin=\dimen280
\caption@leftmargin=\dimen281
\caption@rightmargin=\dimen282
\caption@width=\dimen283
\caption@indent=\dimen284
\caption@parindent=\dimen285
\caption@hangindent=\dimen286
Package caption Info: Standard document class detected.
)
\c@caption@flags=\count415
\c@continuedfloat=\count416
Package caption Info: float package is loaded.
Package caption Info: scrextend package is loaded.
\caption@addmargin@hsize=\dimen287
\caption@addmargin@linewidth=\dimen288
)
Package caption Info: New subtype `subfigure' on input line 238.
\c@subfigure=\count417
Package caption Info: New subtype `subtable' on input line 238.
\c@subtable=\count418
)
(/usr/share/texlive/texmf-dist/tex/latex/booktabs/booktabs.sty
Package: booktabs 2020/01/12 v1.61803398 Publication quality tables
\heavyrulewidth=\dimen289
\lightrulewidth=\dimen290
\cmidrulewidth=\dimen291
\belowrulesep=\dimen292
\belowbottomsep=\dimen293
\aboverulesep=\dimen294
\abovetopsep=\dimen295
\cmidrulesep=\dimen296
\cmidrulekern=\dimen297
\defaultaddspace=\dimen298
\@cmidla=\count419
\@cmidlb=\count420
\@aboverulesep=\dimen299
\@belowrulesep=\dimen300
\@thisruleclass=\count421
\@lastruleclass=\count422
\@thisrulewidth=\dimen301
)
(/usr/share/texlive/texmf-dist/tex/latex/tools/array.sty
Package: array 2024/10/17 v2.6g Tabular extension package (FMi)
\col@sep=\dimen302
\ar@mcellbox=\box77
\extrarowheight=\dimen303
\NC@list=\toks41
\extratabsurround=\skip52
\backup@length=\skip53
\ar@cellbox=\box78
)
(/usr/share/texlive/texmf-dist/tex/latex/colortbl/colortbl.sty
Package: colortbl 2024/07/06 v1.0i Color table columns (DPC)
\everycr=\toks42
\minrowclearance=\skip54
\rownum=\count423
)
(/usr/share/texlive/texmf-dist/tex/latex/graphics/rotating.sty
Package: rotating 2016/08/11 v2.16d rotated objects in LaTeX

(/usr/share/texlive/texmf-dist/tex/latex/base/ifthen.sty
Package: ifthen 2024/03/16 v1.1e Standard LaTeX ifthen package (DPC)
)
\c@r@tfl@t=\count424
\rotFPtop=\skip55
\rotFPbot=\skip56
\rot@float@box=\box79
\rot@mess@toks=\toks43
)
(/usr/share/texlive/texmf-dist/tex/latex/fancyhdr/fancyhdr.sty
Package: fancyhdr 2025/02/07 v5.2 Extensive control of page headers and footers

\f@nch@headwidth=\skip57
\f@nch@offset@elh=\skip58
\f@nch@offset@erh=\skip59
\f@nch@offset@olh=\skip60
\f@nch@offset@orh=\skip61
\f@nch@offset@elf=\skip62
\f@nch@offset@erf=\skip63
\f@nch@offset@olf=\skip64
\f@nch@offset@orf=\skip65
\f@nch@height=\skip66
\f@nch@footalignment=\skip67
\f@nch@widthL=\skip68
\f@nch@widthC=\skip69
\f@nch@widthR=\skip70
\@temptokenb=\toks44
)
(/usr/share/texlive/texmf-dist/tex/latex/bbm-macros/bbm.sty
Package: bbm 1999/03/15 V 1.2 provides fonts for set symbols - TH
LaTeX Font Info:    Overwriting math alphabet `\mathbbm' in version `bold'
(Font)                  U/bbm/m/n --> U/bbm/bx/n on input line 33.
LaTeX Font Info:    Overwriting math alphabet `\mathbbmss' in version `bold'
(Font)                  U/bbmss/m/n --> U/bbmss/bx/n on input line 35.
)
(/usr/share/texlive/texmf-dist/tex/latex/amsmath/amsmath.sty
Package: amsmath 2024/11/05 v2.17t AMS math features
\@mathmargin=\skip71

For additional information on amsmath, use the `?' option.
(/usr/share/texlive/texmf-dist/tex/latex/amsmath/amstext.sty
Package: amstext 2021/08/26 v2.01 AMS text

(/usr/share/texlive/texmf-dist/tex/latex/amsmath/amsgen.sty
File: amsgen.sty 1999/11/30 v2.0 generic functions
\@emptytoks=\toks45
\ex@=\dimen304
))
(/usr/share/texlive/texmf-dist/tex/latex/amsmath/amsbsy.sty
Package: amsbsy 1999/11/29 v1.2d Bold Symbols
\pmbraise@=\dimen305
)
(/usr/share/texlive/texmf-dist/tex/latex/amsmath/amsopn.sty
Package: amsopn 2022/04/08 v2.04 operator names
)
\inf@bad=\count425
LaTeX Info: Redefining \frac on input line 233.
\uproot@=\count426
\leftroot@=\count427
LaTeX Info: Redefining \overline on input line 398.
LaTeX Info: Redefining \colon on input line 409.
\classnum@=\count428
\DOTSCASE@=\count429
LaTeX Info: Redefining \ldots on input line 495.
LaTeX Info: Redefining \dots on input line 498.
LaTeX Info: Redefining \cdots on input line 619.
\Mathstrutbox@=\box80
\strutbox@=\box81
LaTeX Info: Redefining \big on input line 721.
LaTeX Info: Redefining \Big on input line 722.
LaTeX Info: Redefining \bigg on input line 723.
LaTeX Info: Redefining \Bigg on input line 724.
\big@size=\dimen306
LaTeX Font Info:    Redeclaring font encoding OML on input line 742.
LaTeX Font Info:    Redeclaring font encoding OMS on input line 743.
\macc@depth=\count430
LaTeX Info: Redefining \bmod on input line 904.
LaTeX Info: Redefining \pmod on input line 909.
LaTeX Info: Redefining \smash on input line 939.
LaTeX Info: Redefining \relbar on input line 969.
LaTeX Info: Redefining \Relbar on input line 970.
\c@MaxMatrixCols=\count431
\dotsspace@=\muskip17
\c@parentequation=\count432
\dspbrk@lvl=\count433
\tag@help=\toks46
\row@=\count434
\column@=\count435
\maxfields@=\count436
\andhelp@=\toks47
\eqnshift@=\dimen307
\alignsep@=\dimen308
\tagshift@=\dimen309
\tagwidth@=\dimen310
\totwidth@=\dimen311
\lineht@=\dimen312
\@envbody=\toks48
\multlinegap=\skip72
\multlinetaggap=\skip73
\mathdisplay@stack=\toks49
LaTeX Info: Redefining \[ on input line 2953.
LaTeX Info: Redefining \] on input line 2954.
)
\@LN@amsmath@ams@eqpen=\count437

(/usr/share/texlive/texmf-dist/tex/latex/amscls/amsthm.sty
Package: amsthm 2020/05/29 v2.20.6
\thm@style=\toks50
\thm@bodyfont=\toks51
\thm@headfont=\toks52
\thm@notefont=\toks53
\thm@headpunct=\toks54
\thm@preskip=\skip74
\thm@postskip=\skip75
\thm@headsep=\skip76
\dth@everypar=\toks55
)
(/usr/share/texlive/texmf-dist/tex/latex/diagbox/diagbox.sty
Package: diagbox 2020/02/09 v2.3 Making table heads with diagonal lines

(/usr/share/texlive/texmf-dist/tex/latex/pict2e/pict2e.sty
Package: pict2e 2020/09/30 v0.4b Improved picture commands (HjG,RN,JT)

(/usr/share/texlive/texmf-dist/tex/latex/pict2e/pict2e.cfg
File: pict2e.cfg 2016/02/05 v0.1u pict2e configuration for teTeX/TeXLive
)
Package pict2e Info: Driver file: pdftex.def on input line 112.
Package pict2e Info: Driver file for pict2e: p2e-pdftex.def on input line 114.

(/usr/share/texlive/texmf-dist/tex/latex/pict2e/p2e-pdftex.def
File: p2e-pdftex.def 2016/02/05 v0.1u Driver-dependant file (RN,HjG,JT)
)
\pIIe@GRAPH=\toks56
\@arclen=\dimen313
\@arcrad=\dimen314
\pIIe@tempdima=\dimen315
\pIIe@tempdimb=\dimen316
\pIIe@tempdimc=\dimen317
\pIIe@tempdimd=\dimen318
\pIIe@tempdime=\dimen319
\pIIe@tempdimf=\dimen320
)
(/usr/share/texlive/texmf-dist/tex/latex/tools/calc.sty
Package: calc 2023/07/08 v4.3 Infix arithmetic (KKT,FJ)
\calc@Acount=\count438
\calc@Bcount=\count439
\calc@Adimen=\dimen321
\calc@Bdimen=\dimen322
\calc@Askip=\skip77
\calc@Bskip=\skip78
LaTeX Info: Redefining \setlength on input line 80.
LaTeX Info: Redefining \addtolength on input line 81.
\calc@Ccount=\count440
\calc@Cskip=\skip79
)
\diagbox@boxa=\box82
\diagbox@boxb=\box83
\diagbox@boxm=\box84
\diagbox@wd=\dimen323
\diagbox@ht=\dimen324
\diagbox@insepl=\dimen325
\diagbox@insepr=\dimen326
\diagbox@outsepl=\dimen327
\diagbox@outsepr=\dimen328
)
(/usr/share/texlive/texmf-dist/tex/latex/wrapfig/wrapfig.sty
\wrapoverhang=\dimen329
\WF@size=\dimen330
\c@WF@wrappedlines=\count441
\WF@box=\box85
\WF@everypar=\toks57
Package: wrapfig 2003/01/31  v 3.6
)
(/usr/share/texlive/texmf-dist/tex/latex/tcolorbox/tcolorbox.sty
Package: tcolorbox 2024/10/22 version 6.4.1 text color boxes

(/usr/share/texlive/texmf-dist/tex/latex/tools/verbatim.sty
Package: verbatim 2024-01-22 v1.5x LaTeX2e package for verbatim enhancements
\every@verbatim=\toks58
\verbatim@line=\toks59
\verbatim@in@stream=\read5
)
(/usr/share/texlive/texmf-dist/tex/latex/environ/environ.sty
Package: environ 2014/05/04 v0.3 A new way to define environments

(/usr/share/texlive/texmf-dist/tex/latex/trimspaces/trimspaces.sty
Package: trimspaces 2009/09/17 v1.1 Trim spaces around a token list
))
\tcb@titlebox=\box86
\tcb@upperbox=\box87
\tcb@lowerbox=\box88
\tcb@phantombox=\box89
\c@tcbbreakpart=\count442
\c@tcblayer=\count443
\c@tcolorbox@number=\count444
\l__tcobox_tmpa_box=\box90
\l__tcobox_tmpa_dim=\dimen331
\tcb@temp=\box91
\tcb@temp=\box92
\tcb@temp=\box93
\tcb@temp=\box94

(/usr/share/texlive/texmf-dist/tex/latex/tcolorbox/tcbraster.code.tex
Library (tcolorbox): 'tcbraster.code.tex' version '6.4.1'
\c@tcbrastercolumn=\count445
\c@tcbrasterrow=\count446
\c@tcbrasternum=\count447
\c@tcbraster=\count448
) (/usr/share/texlive/texmf-dist/tex/latex/tcolorbox/tcbskins.code.tex
Library (tcolorbox): 'tcbskins.code.tex' version '6.4.1'
(/usr/share/texlive/texmf-dist/tex/latex/tikzfill/tikzfill.image.sty
Package: tikzfill.image 2023/08/08 v1.0.1 Image filling library for TikZ

(/usr/share/texlive/texmf-dist/tex/latex/tikzfill/tikzfill-common.sty
Package: tikzfill-common 2023/08/08 v1.0.1 Auxiliary code for tikzfill
)
(/usr/share/texlive/texmf-dist/tex/latex/tikzfill/tikzlibraryfill.image.code.te
x
File: tikzlibraryfill.image.code.tex 2023/08/08 v1.0.1 Image filling library
\l__tikzfill_img_box=\box95
)) (/usr/share/texlive/texmf-dist/tex/latex/tcolorbox/tcbskinsjigsaw.code.tex
Library (tcolorbox): 'tcbskinsjigsaw.code.tex' version '6.4.1'
)) (/usr/share/texlive/texmf-dist/tex/latex/tcolorbox/tcbbreakable.code.tex
Library (tcolorbox): 'tcbbreakable.code.tex' version '6.4.1'
(/usr/share/texlive/texmf-dist/tex/latex/pdfcol/pdfcol.sty
Package: pdfcol 2022-09-21 v1.7 Handle new color stacks for pdfTeX (HO)
)
Package pdfcol Info: New color stack `tcb@breakable' = 1 on input line 23.
\tcb@testbox=\box96
\tcb@totalupperbox=\box97
\tcb@totallowerbox=\box98
)
(/usr/share/texlive/texmf-dist/tex/latex/tcolorbox/tcbhooks.code.tex
Library (tcolorbox): 'tcbhooks.code.tex' version '6.4.1'
) (/usr/share/texlive/texmf-dist/tex/latex/tcolorbox/tcbtheorems.code.tex
Library (tcolorbox): 'tcbtheorems.code.tex' version '6.4.1'
) (/usr/share/texlive/texmf-dist/tex/latex/tcolorbox/tcbfitting.code.tex
Library (tcolorbox): 'tcbfitting.code.tex' version '6.4.1'
\tcbfitdim=\dimen332
\tcb@lowerfitdim=\dimen333
\tcb@upperfitdim=\dimen334
\tcb@cur@hbadness=\count449
) (/usr/share/texlive/texmf-dist/tex/latex/tcolorbox/tcblistingsutf8.code.tex
Library (tcolorbox): 'tcblistingsutf8.code.tex' version '6.4.1'
(/usr/share/texlive/texmf-dist/tex/latex/tcolorbox/tcblistings.code.tex
Library (tcolorbox): 'tcblistings.code.tex' version '6.4.1'
(/usr/share/texlive/texmf-dist/tex/latex/listings/listings.sty
\lst@mode=\count450
\lst@gtempboxa=\box99
\lst@token=\toks60
\lst@length=\count451
\lst@currlwidth=\dimen335
\lst@column=\count452
\lst@pos=\count453
\lst@lostspace=\dimen336
\lst@width=\dimen337
\lst@newlines=\count454
\lst@lineno=\count455
\lst@maxwidth=\dimen338

(/usr/share/texlive/texmf-dist/tex/latex/listings/lstpatch.sty
File: lstpatch.sty 2024/09/23 1.10c (Carsten Heinz)
)
(/usr/share/texlive/texmf-dist/tex/latex/listings/lstmisc.sty
File: lstmisc.sty 2024/09/23 1.10c (Carsten Heinz)
\c@lstnumber=\count456
\lst@skipnumbers=\count457
\lst@framebox=\box100
)
(/usr/share/texlive/texmf-dist/tex/latex/listings/listings.cfg
File: listings.cfg 2024/09/23 1.10c listings configuration
))
Package: listings 2024/09/23 1.10c (Carsten Heinz)

(/usr/share/texlive/texmf-dist/tex/latex/tcolorbox/tcblistingscore.code.tex
Library (tcolorbox): 'tcblistingscore.code.tex' version '6.4.1'
(/usr/share/texlive/texmf-dist/tex/latex/tcolorbox/tcbprocessing.code.tex
Library (tcolorbox): 'tcbprocessing.code.tex' version '6.4.1'
)
\c@tcblisting=\count458
)) (/usr/share/texlive/texmf-dist/tex/latex/listingsutf8/listingsutf8.sty
Package: listingsutf8 2019-12-10 v1.5 Allow UTF-8 in listings input (HO)

(/usr/share/texlive/texmf-dist/tex/generic/stringenc/stringenc.sty
Package: stringenc 2019/11/29 v1.12 Convert strings between diff. encodings (HO
)

(/usr/share/texlive/texmf-dist/tex/generic/pdfescape/pdfescape.sty
Package: pdfescape 2019/12/09 v1.15 Implements pdfTeX's escape features (HO)
))))
(/usr/share/texlive/texmf-dist/tex/latex/tcolorbox/tcbexternal.code.tex
Library (tcolorbox): 'tcbexternal.code.tex' version '6.4.1'
) (/usr/share/texlive/texmf-dist/tex/latex/tcolorbox/tcbmagazine.code.tex
Library (tcolorbox): 'tcbmagazine.code.tex' version '6.4.1'
) (/usr/share/texlive/texmf-dist/tex/latex/tcolorbox/tcbvignette.code.tex
Library (tcolorbox): 'tcbvignette.code.tex' version '6.4.1'

(/usr/share/texlive/texmf-dist/tex/generic/pgf/frontendlayer/tikz/libraries/tik
zlibraryfadings.code.tex
File: tikzlibraryfadings.code.tex 2023-01-15 v3.1.10 (3.1.10)

(/usr/share/texlive/texmf-dist/tex/generic/pgf/libraries/pgflibraryfadings.code
.tex
File: pgflibraryfadings.code.tex 2023-01-15 v3.1.10 (3.1.10)
))) (/usr/share/texlive/texmf-dist/tex/latex/tcolorbox/tcbposter.code.tex
Library (tcolorbox): 'tcbposter.code.tex' version '6.4.1'
)) (/usr/share/texlive/texmf-dist/tex/latex/tcolorbox/tcbminted.code.tex
Library (tcolorbox): 'tcbminted.code.tex' version '6.4.1'
) (/usr/share/texlive/texmf-dist/tex/latex/multirow/multirow.sty
Package: multirow 2024/11/12 v2.9 Span multiple rows of a table
\multirow@colwidth=\skip80
\multirow@cntb=\count459
\multirow@dima=\skip81
\bigstrutjot=\dimen339
)
(/usr/share/texlive/texmf-dist/tex/latex/tocbibind/tocbibind.sty
Package: tocbibind 2010/10/13 v1.5k extra ToC listings
Package tocbibind Info: The document has chapter divisions on input line 50.


Package tocbibind Note: Using chapter style headings, unless overridden.

) (/usr/share/texlive/texmf-dist/tex/latex/makecell/makecell.sty
Package: makecell 2009/08/03 V0.1e Managing of Tab Column Heads and Cells
\rotheadsize=\dimen340
\c@nlinenum=\count460
\TeXr@lab=\toks61
)
(/usr/share/texlive/texmf-dist/tex/latex/graphics/dvipsnam.def
File: dvipsnam.def 2016/06/17 v3.0m Driver-dependent file (DPC,SPQR)
)
(/usr/share/texlive/texmf-dist/tex/latex/hyperref/hyperref.sty
Package: hyperref 2024-11-05 v7.01l Hypertext links for LaTeX

(/usr/share/texlive/texmf-dist/tex/generic/kvdefinekeys/kvdefinekeys.sty
Package: kvdefinekeys 2019-12-19 v1.6 Define keys (HO)
)
(/usr/share/texlive/texmf-dist/tex/latex/hycolor/hycolor.sty
Package: hycolor 2020-01-27 v1.10 Color options for hyperref/bookmark (HO)
)
(/usr/share/texlive/texmf-dist/tex/latex/hyperref/nameref.sty
Package: nameref 2023-11-26 v2.56 Cross-referencing by name of section

(/usr/share/texlive/texmf-dist/tex/latex/refcount/refcount.sty
Package: refcount 2019/12/15 v3.6 Data extraction from label references (HO)
)
(/usr/share/texlive/texmf-dist/tex/generic/gettitlestring/gettitlestring.sty
Package: gettitlestring 2019/12/15 v1.6 Cleanup title references (HO)
)
\c@section@level=\count461
)
\@linkdim=\dimen341
\Hy@linkcounter=\count462
\Hy@pagecounter=\count463

(/usr/share/texlive/texmf-dist/tex/latex/hyperref/pd1enc.def
File: pd1enc.def 2024-11-05 v7.01l Hyperref: PDFDocEncoding definition (HO)
Now handling font encoding PD1 ...
... no UTF-8 mapping file for font encoding PD1
)
(/usr/share/texlive/texmf-dist/tex/generic/intcalc/intcalc.sty
Package: intcalc 2019/12/15 v1.3 Expandable calculations with integers (HO)
)
\Hy@SavedSpaceFactor=\count464

(/usr/share/texlive/texmf-dist/tex/latex/hyperref/puenc.def
File: puenc.def 2024-11-05 v7.01l Hyperref: PDF Unicode definition (HO)
Now handling font encoding PU ...
... no UTF-8 mapping file for font encoding PU
)
Package hyperref Info: Hyper figures OFF on input line 4157.
Package hyperref Info: Link nesting OFF on input line 4162.
Package hyperref Info: Hyper index ON on input line 4165.
Package hyperref Info: Plain pages OFF on input line 4172.
Package hyperref Info: Backreferencing OFF on input line 4177.
Package hyperref Info: Implicit mode ON; LaTeX internals redefined.
Package hyperref Info: Bookmarks ON on input line 4424.
\c@Hy@tempcnt=\count465

(/usr/share/texlive/texmf-dist/tex/latex/url/url.sty
\Urlmuskip=\muskip18
Package: url 2013/09/16  ver 3.4  Verb mode for urls, etc.
)
LaTeX Info: Redefining \url on input line 4763.
\XeTeXLinkMargin=\dimen342

(/usr/share/texlive/texmf-dist/tex/generic/bitset/bitset.sty
Package: bitset 2019/12/09 v1.3 Handle bit-vector datatype (HO)

(/usr/share/texlive/texmf-dist/tex/generic/bigintcalc/bigintcalc.sty
Package: bigintcalc 2019/12/15 v1.5 Expandable calculations on big integers (HO
)
))
\Fld@menulength=\count466
\Field@Width=\dimen343
\Fld@charsize=\dimen344
Package hyperref Info: Hyper figures OFF on input line 6042.
Package hyperref Info: Link nesting OFF on input line 6047.
Package hyperref Info: Hyper index ON on input line 6050.
Package hyperref Info: backreferencing OFF on input line 6057.
Package hyperref Info: Link coloring OFF on input line 6062.
Package hyperref Info: Link coloring with OCG OFF on input line 6067.
Package hyperref Info: PDF/A mode OFF on input line 6072.

(/usr/share/texlive/texmf-dist/tex/latex/base/atbegshi-ltx.sty
Package: atbegshi-ltx 2021/01/10 v1.0c Emulation of the original atbegshi
package with kernel methods
)
\Hy@abspage=\count467
\c@Item=\count468
\c@Hfootnote=\count469
)
Package hyperref Info: Driver (autodetected): hpdftex.

(/usr/share/texlive/texmf-dist/tex/latex/hyperref/hpdftex.def
File: hpdftex.def 2024-11-05 v7.01l Hyperref driver for pdfTeX

(/usr/share/texlive/texmf-dist/tex/latex/base/atveryend-ltx.sty
Package: atveryend-ltx 2020/08/19 v1.0a Emulation of the original atveryend pac
kage
with kernel methods
)
\Fld@listcount=\count470
\c@bookmark@seq@number=\count471

(/usr/share/texlive/texmf-dist/tex/latex/rerunfilecheck/rerunfilecheck.sty
Package: rerunfilecheck 2022-07-10 v1.10 Rerun checks for auxiliary files (HO)

(/usr/share/texlive/texmf-dist/tex/generic/uniquecounter/uniquecounter.sty
Package: uniquecounter 2019/12/15 v1.4 Provide unlimited unique counter (HO)
)
Package uniquecounter Info: New unique counter `rerunfilecheck' on input line 2
85.
)
\Hy@SectionHShift=\skip82
)
(/usr/share/texlive/texmf-dist/tex/generic/ulem/ulem.sty
\UL@box=\box101
\UL@hyphenbox=\box102
\UL@skip=\skip83
\UL@hook=\toks62
\UL@height=\dimen345
\UL@pe=\count472
\UL@pixel=\dimen346
\ULC@box=\box103
Package: ulem 2019/11/18
\ULdepth=\dimen347
)
(/usr/share/texlive/texmf-dist/tex/latex/framed/framed.sty
Package: framed 2011/10/22 v 0.96: framed or shaded text with page breaks
\OuterFrameSep=\skip84
\fb@frw=\dimen348
\fb@frh=\dimen349
\FrameRule=\dimen350
\FrameSep=\dimen351
)
(/usr/share/texlive/texmf-dist/tex/latex/anyfontsize/anyfontsize.sty
Package: anyfontsize 2007/11/22 anyfontsize.sty by pts
)
(/usr/share/texlive/texmf-dist/tex/latex/pgfplots/pgfplots.sty
(/usr/share/texlive/texmf-dist/tex/generic/pgfplots/pgfplots.revision.tex)
Package: pgfplots 2021/05/15 v1.18.1 Data Visualization (1.18.1)

(/usr/share/texlive/texmf-dist/tex/generic/pgfplots/pgfplots.code.tex
(/usr/share/texlive/texmf-dist/tex/generic/pgfplots/pgfplotscore.code.tex
\t@pgfplots@toka=\toks63
\t@pgfplots@tokb=\toks64
\t@pgfplots@tokc=\toks65
\pgfplots@tmpa=\dimen352
\c@pgfplots@coordindex=\count473
\c@pgfplots@scanlineindex=\count474

(/usr/share/texlive/texmf-dist/tex/generic/pgfplots/sys/pgfplotssysgeneric.code
.tex))
(/usr/share/texlive/texmf-dist/tex/generic/pgfplots/libs/pgfplotslibrary.code.t
ex)
(/usr/share/texlive/texmf-dist/tex/generic/pgfplots/oldpgfcompatib/pgfplotsoldp
gfsupp_loader.code.tex
(/usr/share/texlive/texmf-dist/tex/generic/pgf/libraries/pgflibraryfpu.code.tex
)
Package pgfplots: loading complementary utilities for your pgf version...
\t@pgf@toka=\toks66
\t@pgf@tokb=\toks67
\t@pgf@tokc=\toks68

(/usr/share/texlive/texmf-dist/tex/generic/pgfplots/oldpgfcompatib/pgfplotsoldp
gfsupp_pgfutil-common-lists.tex))
(/usr/share/texlive/texmf-dist/tex/generic/pgfplots/util/pgfplotsutil.code.tex
(/usr/share/texlive/texmf-dist/tex/generic/pgfplots/liststructure/pgfplotslists
tructure.code.tex)
(/usr/share/texlive/texmf-dist/tex/generic/pgfplots/liststructure/pgfplotslists
tructureext.code.tex)
(/usr/share/texlive/texmf-dist/tex/generic/pgfplots/liststructure/pgfplotsarray
.code.tex
\c@pgfplotsarray@tmp=\count475
)
(/usr/share/texlive/texmf-dist/tex/generic/pgfplots/liststructure/pgfplotsmatri
x.code.tex)
(/usr/share/texlive/texmf-dist/tex/generic/pgfplots/numtable/pgfplotstableshare
d.code.tex
\c@pgfplotstable@counta=\count476
\t@pgfplotstable@a=\toks69
)
(/usr/share/texlive/texmf-dist/tex/generic/pgfplots/liststructure/pgfplotsdeque
.code.tex)
(/usr/share/texlive/texmf-dist/tex/generic/pgfplots/util/pgfplotsbinary.code.te
x
(/usr/share/texlive/texmf-dist/tex/generic/pgfplots/util/pgfplotsbinary.data.co
de.tex))
(/usr/share/texlive/texmf-dist/tex/generic/pgfplots/util/pgfplotsutil.verb.code
.tex)
(/usr/share/texlive/texmf-dist/tex/generic/pgfplots/libs/pgflibrarypgfplots.sur
fshading.code.tex
\c@pgfplotslibrarysurf@no=\count477

(/usr/share/texlive/texmf-dist/tex/generic/pgfplots/sys/pgflibrarypgfplots.surf
shading.pgfsys-pdftex.def)))
(/usr/share/texlive/texmf-dist/tex/generic/pgfplots/util/pgfplotscolormap.code.
tex
(/usr/share/texlive/texmf-dist/tex/generic/pgfplots/util/pgfplotscolor.code.tex
))
(/usr/share/texlive/texmf-dist/tex/generic/pgfplots/pgfplotsstackedplots.code.t
ex)
(/usr/share/texlive/texmf-dist/tex/generic/pgfplots/pgfplotsplothandlers.code.t
ex
(/usr/share/texlive/texmf-dist/tex/generic/pgfplots/pgfplotsmeshplothandler.cod
e.tex
(/usr/share/texlive/texmf-dist/tex/generic/pgfplots/pgfplotsmeshplotimage.code.
tex)))
(/usr/share/texlive/texmf-dist/tex/generic/pgfplots/pgfplots.scaling.code.tex)
(/usr/share/texlive/texmf-dist/tex/generic/pgfplots/pgfplotscoordprocessing.cod
e.tex)
(/usr/share/texlive/texmf-dist/tex/generic/pgfplots/pgfplots.errorbars.code.tex
) (/usr/share/texlive/texmf-dist/tex/generic/pgfplots/pgfplots.markers.code.tex
) (/usr/share/texlive/texmf-dist/tex/generic/pgfplots/pgfplotsticks.code.tex)
(/usr/share/texlive/texmf-dist/tex/generic/pgfplots/pgfplots.paths.code.tex)
(/usr/share/texlive/texmf-dist/tex/generic/pgf/frontendlayer/tikz/libraries/tik
zlibrarydecorations.pathreplacing.code.tex
(/usr/share/texlive/texmf-dist/tex/generic/pgf/libraries/decorations/pgflibrary
decorations.pathreplacing.code.tex))
(/usr/share/texlive/texmf-dist/tex/generic/pgfplots/libs/tikzlibrarypgfplots.co
ntourlua.code.tex)
\pgfplots@numplots=\count478
\pgfplots@xmin@reg=\dimen353
\pgfplots@xmax@reg=\dimen354
\pgfplots@ymin@reg=\dimen355
\pgfplots@ymax@reg=\dimen356
\pgfplots@zmin@reg=\dimen357
\pgfplots@zmax@reg=\dimen358
)
(/usr/share/texlive/texmf-dist/tex/generic/pgf/frontendlayer/tikz/libraries/tik
zlibraryplotmarks.code.tex
File: tikzlibraryplotmarks.code.tex 2023-01-15 v3.1.10 (3.1.10)

(/usr/share/texlive/texmf-dist/tex/generic/pgf/libraries/pgflibraryplotmarks.co
de.tex
File: pgflibraryplotmarks.code.tex 2023-01-15 v3.1.10 (3.1.10)
))) (/usr/share/texlive/texmf-dist/tex/latex/cleveref/cleveref.sty
Package: cleveref 2018/03/27 v0.21.4 Intelligent cross-referencing
Package cleveref Info: `hyperref' support loaded on input line 2370.
LaTeX Info: Redefining \cref on input line 2370.
LaTeX Info: Redefining \Cref on input line 2370.
LaTeX Info: Redefining \crefrange on input line 2370.
LaTeX Info: Redefining \Crefrange on input line 2370.
LaTeX Info: Redefining \cpageref on input line 2370.
LaTeX Info: Redefining \Cpageref on input line 2370.
LaTeX Info: Redefining \cpagerefrange on input line 2370.
LaTeX Info: Redefining \Cpagerefrange on input line 2370.
LaTeX Info: Redefining \labelcref on input line 2370.
LaTeX Info: Redefining \labelcpageref on input line 2370.
Package cleveref Info: `amsthm' support loaded on input line 3026.
Package cleveref Info: `listings' support loaded on input line 3131.
Package cleveref Info: include cross-reference names in hyperlinks on input lin
e 7836.
Package cleveref Info: include cross-reference names in hyperlinks on input lin
e 7852.
)
(/usr/share/texlive/texmf-dist/tex/generic/pgf/frontendlayer/tikz/libraries/tik
zlibraryshapes.geometric.code.tex
File: tikzlibraryshapes.geometric.code.tex 2023-01-15 v3.1.10 (3.1.10)

(/usr/share/texlive/texmf-dist/tex/generic/pgf/libraries/shapes/pgflibraryshape
s.geometric.code.tex
File: pgflibraryshapes.geometric.code.tex 2023-01-15 v3.1.10 (3.1.10)
))
(/usr/share/texlive/texmf-dist/tex/generic/pgf/frontendlayer/tikz/libraries/tik
zlibraryfit.code.tex
File: tikzlibraryfit.code.tex 2023-01-15 v3.1.10 (3.1.10)
)
(/usr/share/texlive/texmf-dist/tex/generic/pgf/frontendlayer/tikz/libraries/tik
zlibrarypositioning.code.tex
File: tikzlibrarypositioning.code.tex 2023-01-15 v3.1.10 (3.1.10)
)
(/usr/share/texlive/texmf-dist/tex/generic/pgf/frontendlayer/tikz/libraries/tik
zlibrarycalc.code.tex
File: tikzlibrarycalc.code.tex 2023-01-15 v3.1.10 (3.1.10)
)
(/usr/share/texlive/texmf-dist/tex/generic/pgf/libraries/pgflibraryarrows.meta.
code.tex
File: pgflibraryarrows.meta.code.tex 2023-01-15 v3.1.10 (3.1.10)
\pgfarrowinset=\dimen359
\pgfarrowlength=\dimen360
\pgfarrowwidth=\dimen361
\pgfarrowlinewidth=\dimen362
)
(/usr/share/texlive/texmf-dist/tex/generic/pgf/frontendlayer/tikz/libraries/tik
zlibrarybackgrounds.code.tex
File: tikzlibrarybackgrounds.code.tex 2023-01-15 v3.1.10 (3.1.10)
\pgf@layerbox@background=\box104
\pgf@layerboxsaved@background=\box105
)
(/usr/share/texlive/texmf-dist/tex/latex/import/import.sty
Package: import 2020/04/01  v 6.2
) (./layers/init.tex
(/usr/share/texlive/texmf-dist/tex/generic/pgf/frontendlayer/tikz/libraries/tik
zlibraryquotes.code.tex
File: tikzlibraryquotes.code.tex 2023-01-15 v3.1.10 (3.1.10)
) (./layers/Ball.sty

LaTeX Warning: You have requested package `layers/Ball',
               but the package provides `Ball'.

Package: Ball 
) (./layers/Box.sty

LaTeX Warning: You have requested package `layers/Box',
               but the package provides `Box'.

Package: Box 
) (./layers/RightBandedBox.sty

LaTeX Warning: You have requested package `layers/RightBandedBox',
               but the package provides `RightBandedBox'.

Package: RightBandedBox 
))
Package hyperref Info: Option `colorlinks' set `true' on input line 235.
\c@definition=\count479
\c@theorem=\count480
\c@tcb@cnt@codebox=\count481


Package csquotes Warning: Load 'inputenc' before 'csquotes' on input line 339.

Package csquotes Info: Checking for multilingual support...
Package csquotes Info: ... found 'babel' package.
Package csquotes Info: Adjusting default style.
Package csquotes Info: Redefining alias 'default' -> 'english'.
(./main_document_processed.aux

LaTeX Warning: Label `lst:emp02' multiply defined.


LaTeX Warning: Label `lst:emp02@cref' multiply defined.


LaTeX Warning: Label `lst:emp01' multiply defined.


LaTeX Warning: Label `lst:emp01@cref' multiply defined.


LaTeX Warning: Label `lst:the06' multiply defined.


LaTeX Warning: Label `lst:the06@cref' multiply defined.


LaTeX Warning: Label `lst:the05' multiply defined.


LaTeX Warning: Label `lst:the05@cref' multiply defined.


LaTeX Warning: Label `lst:the04' multiply defined.


LaTeX Warning: Label `lst:the04@cref' multiply defined.


LaTeX Warning: Label `lst:the03' multiply defined.


LaTeX Warning: Label `lst:the03@cref' multiply defined.


LaTeX Warning: Label `lst:the02' multiply defined.


LaTeX Warning: Label `lst:the02@cref' multiply defined.


LaTeX Warning: Label `lst:the01' multiply defined.


LaTeX Warning: Label `lst:the01@cref' multiply defined.


LaTeX Warning: Label `lst:tra03' multiply defined.


LaTeX Warning: Label `lst:tra03@cref' multiply defined.


LaTeX Warning: Label `lst:tra02' multiply defined.


LaTeX Warning: Label `lst:tra02@cref' multiply defined.


LaTeX Warning: Label `lst:tra01' multiply defined.


LaTeX Warning: Label `lst:tra01@cref' multiply defined.


LaTeX Warning: Label `lst:mat05' multiply defined.


LaTeX Warning: Label `lst:mat05@cref' multiply defined.


LaTeX Warning: Label `lst:mat04' multiply defined.


LaTeX Warning: Label `lst:mat04@cref' multiply defined.


LaTeX Warning: Label `lst:mat03' multiply defined.


LaTeX Warning: Label `lst:mat03@cref' multiply defined.


LaTeX Warning: Label `lst:mat02' multiply defined.


LaTeX Warning: Label `lst:mat02@cref' multiply defined.


LaTeX Warning: Label `lst:mat01' multiply defined.


LaTeX Warning: Label `lst:mat01@cref' multiply defined.


LaTeX Warning: Label `lst:the06' multiply defined.


LaTeX Warning: Label `lst:the06@cref' multiply defined.


LaTeX Warning: Label `lst:the05' multiply defined.


LaTeX Warning: Label `lst:the05@cref' multiply defined.


LaTeX Warning: Label `lst:the04' multiply defined.


LaTeX Warning: Label `lst:the04@cref' multiply defined.


LaTeX Warning: Label `lst:the03' multiply defined.


LaTeX Warning: Label `lst:the03@cref' multiply defined.


LaTeX Warning: Label `lst:the02' multiply defined.


LaTeX Warning: Label `lst:the02@cref' multiply defined.


LaTeX Warning: Label `lst:the01' multiply defined.


LaTeX Warning: Label `lst:the01@cref' multiply defined.


LaTeX Warning: Label `lst:exc01' multiply defined.


LaTeX Warning: Label `lst:exc01@cref' multiply defined.


LaTeX Warning: Label `lst:fun02' multiply defined.


LaTeX Warning: Label `lst:fun02@cref' multiply defined.


LaTeX Warning: Label `lst:fun01' multiply defined.


LaTeX Warning: Label `lst:fun01@cref' multiply defined.


LaTeX Warning: Label `lst:the01' multiply defined.


LaTeX Warning: Label `lst:the01@cref' multiply defined.


LaTeX Warning: Label `lst:the01' multiply defined.


LaTeX Warning: Label `lst:the01@cref' multiply defined.

)
\openout1 = `main_document_processed.aux'.

LaTeX Font Info:    Checking defaults for OML/cmm/m/it on input line 339.
LaTeX Font Info:    ... okay on input line 339.
LaTeX Font Info:    Checking defaults for OMS/cmsy/m/n on input line 339.
LaTeX Font Info:    ... okay on input line 339.
LaTeX Font Info:    Checking defaults for OT1/cmr/m/n on input line 339.
LaTeX Font Info:    ... okay on input line 339.
LaTeX Font Info:    Checking defaults for T1/cmr/m/n on input line 339.
LaTeX Font Info:    ... okay on input line 339.
LaTeX Font Info:    Checking defaults for TS1/cmr/m/n on input line 339.
LaTeX Font Info:    ... okay on input line 339.
LaTeX Font Info:    Checking defaults for OMX/cmex/m/n on input line 339.
LaTeX Font Info:    ... okay on input line 339.
LaTeX Font Info:    Checking defaults for U/cmr/m/n on input line 339.
LaTeX Font Info:    ... okay on input line 339.
LaTeX Font Info:    Checking defaults for C00/song/m/n on input line 339.
LaTeX Font Info:    ... okay on input line 339.
LaTeX Font Info:    Checking defaults for C05/song/m/n on input line 339.
LaTeX Font Info:    ... okay on input line 339.
LaTeX Font Info:    Checking defaults for C09/song/m/n on input line 339.
LaTeX Font Info:    ... okay on input line 339.
LaTeX Font Info:    Checking defaults for C10/song/m/n on input line 339.
LaTeX Font Info:    ... okay on input line 339.
LaTeX Font Info:    Checking defaults for C20/song/m/n on input line 339.
LaTeX Font Info:    ... okay on input line 339.
LaTeX Font Info:    Checking defaults for C19/song/m/n on input line 339.
LaTeX Font Info:    ... okay on input line 339.
LaTeX Font Info:    Checking defaults for C40/song/m/n on input line 339.
LaTeX Font Info:    ... okay on input line 339.
LaTeX Font Info:    Checking defaults for C42/song/m/n on input line 339.
LaTeX Font Info:    ... okay on input line 339.
LaTeX Font Info:    Checking defaults for C43/song/m/n on input line 339.
LaTeX Font Info:    ... okay on input line 339.
LaTeX Font Info:    Checking defaults for C50/song/m/n on input line 339.
LaTeX Font Info:    ... okay on input line 339.
LaTeX Font Info:    Checking defaults for C52/song/m/n on input line 339.
LaTeX Font Info:    ... okay on input line 339.
LaTeX Font Info:    Checking defaults for C49/song/m/n on input line 339.
LaTeX Font Info:    ... okay on input line 339.
LaTeX Font Info:    Checking defaults for C60/mj/m/n on input line 339.
LaTeX Font Info:    ... okay on input line 339.
LaTeX Font Info:    Checking defaults for C61/mj/m/n on input line 339.
LaTeX Font Info:    ... okay on input line 339.
LaTeX Font Info:    Checking defaults for C63/mj/m/n on input line 339.
LaTeX Font Info:    ... okay on input line 339.
LaTeX Font Info:    Checking defaults for C64/mj/m/n on input line 339.
LaTeX Font Info:    ... okay on input line 339.
LaTeX Font Info:    Checking defaults for C65/mj/m/n on input line 339.
LaTeX Font Info:    ... okay on input line 339.
LaTeX Font Info:    Checking defaults for C70/song/m/n on input line 339.
LaTeX Font Info:    ... okay on input line 339.
LaTeX Font Info:    Checking defaults for C31/song/m/n on input line 339.
LaTeX Font Info:    ... okay on input line 339.
LaTeX Font Info:    Checking defaults for C32/song/m/n on input line 339.
LaTeX Font Info:    ... okay on input line 339.
LaTeX Font Info:    Checking defaults for C33/song/m/n on input line 339.
LaTeX Font Info:    ... okay on input line 339.
LaTeX Font Info:    Checking defaults for C34/song/m/n on input line 339.
LaTeX Font Info:    ... okay on input line 339.
LaTeX Font Info:    Checking defaults for C35/song/m/n on input line 339.
LaTeX Font Info:    ... okay on input line 339.
LaTeX Font Info:    Checking defaults for C36/song/m/n on input line 339.
LaTeX Font Info:    ... okay on input line 339.
LaTeX Font Info:    Checking defaults for C37/song/m/n on input line 339.
LaTeX Font Info:    ... okay on input line 339.
LaTeX Font Info:    Checking defaults for C80/song/m/n on input line 339.
LaTeX Font Info:    ... okay on input line 339.
LaTeX Font Info:    Checking defaults for C81/song/m/n on input line 339.
LaTeX Font Info:    ... okay on input line 339.
LaTeX Font Info:    Checking defaults for C01/song/m/n on input line 339.
LaTeX Font Info:    ... okay on input line 339.
LaTeX Font Info:    Checking defaults for C11/song/m/n on input line 339.
LaTeX Font Info:    ... okay on input line 339.
LaTeX Font Info:    Checking defaults for C21/song/m/n on input line 339.
LaTeX Font Info:    ... okay on input line 339.
LaTeX Font Info:    Checking defaults for C41/song/m/n on input line 339.
LaTeX Font Info:    ... okay on input line 339.
LaTeX Font Info:    Checking defaults for C62/song/m/n on input line 339.
LaTeX Font Info:    ... okay on input line 339.
LaTeX Font Info:    Checking defaults for PD1/pdf/m/n on input line 339.
LaTeX Font Info:    ... okay on input line 339.
LaTeX Font Info:    Checking defaults for PU/pdf/m/n on input line 339.
LaTeX Font Info:    ... okay on input line 339.

*geometry* driver: auto-detecting
*geometry* detected driver: pdftex
*geometry* verbose mode - [ preamble ] result:
* driver: pdftex
* paper: a4paper
* layout: <same size as paper>
* layoutoffset:(h,v)=(0.0pt,0.0pt)
* modes: twoside 
* h-part:(L,W,R)=(71.13188pt, 483.69687pt, 42.67912pt)
* v-part:(T,H,B)=(56.9055pt, 731.23584pt, 56.9055pt)
* \paperwidth=597.50787pt
* \paperheight=845.04684pt
* \textwidth=483.69687pt
* \textheight=731.23584pt
* \oddsidemargin=-1.1381pt
* \evensidemargin=-29.59087pt
* \topmargin=-52.36449pt
* \headheight=14.0pt
* \headsep=25.0pt
* \topskip=10.0pt
* \footskip=30.0pt
* \marginparwidth=111.0pt
* \marginparsep=11.0pt
* \columnsep=10.0pt
* \skip\footins=10.0pt plus 4.0pt minus 2.0pt
* \hoffset=0.0pt
* \voffset=0.0pt
* \mag=1000
* \@twocolumnfalse
* \@twosidetrue
* \@mparswitchtrue
* \@reversemarginfalse
* (1in=72.27pt=25.4mm, 1cm=28.453pt)

babelbib: Set bibliography fall-back language to english
babelbib: english.bdf loaded because language english defined.
(/usr/share/texlive/texmf-dist/tex/latex/babelbib/english.bdf
File: english.bdf 2021/01/06 v1.34 babelbib: multilingual bibliographies

babelbib extension \btxifchangecaseon added to \extrasenglish
)
babelbib: Load BibTeX extensions \bibsenglish for english
babelbib: Set language for keywords in the bibliography fixed to english
(/usr/share/texlive/texmf-dist/tex/context/base/mkii/supp-pdf.mkii
[Loading MPS to PDF converter (version 2006.09.02).]
\scratchcounter=\count482
\scratchdimen=\dimen363
\scratchbox=\box106
\nofMPsegments=\count483
\nofMParguments=\count484
\everyMPshowfont=\toks70
\MPscratchCnt=\count485
\MPscratchDim=\dimen364
\MPnumerator=\count486
\makeMPintoPDFobject=\count487
\everyMPtoPDFconversion=\toks71
) (/usr/share/texlive/texmf-dist/tex/latex/epstopdf-pkg/epstopdf-base.sty
Package: epstopdf-base 2020-01-24 v2.11 Base part for package epstopdf
Package epstopdf-base Info: Redefining graphics rule for `.eps' on input line 4
85.

(/usr/share/texlive/texmf-dist/tex/latex/latexconfig/epstopdf-sys.cfg
File: epstopdf-sys.cfg 2010/07/13 v1.3 Configuration of (r)epstopdf for TeX Liv
e
))
Package caption Info: Begin \AtBeginDocument code.
Package caption Info: hyperref package is loaded.
Package caption Info: listings package is loaded.
Package caption Info: rotating package is loaded.
Package caption Info: wrapfig package is loaded.
Package caption Info: End \AtBeginDocument code.
\c@lstlisting=\count488
Package hyperref Info: Link coloring ON on input line 339.

(./main_document_processed.out) (./main_document_processed.out)
\@outlinefile=\write5
\openout5 = `main_document_processed.out'.


Package pgfplots notification 'compat/show suggested version=true': you might b
enefit from \pgfplotsset{compat=1.18} (current compat level: 1.9).

(/usr/share/texmf/tex/latex/CJK/UTF8/UTF8.bdg
File: UTF8.bdg 2021/10/16 4.8.5
)
(/usr/share/texmf/tex/latex/CJK/UTF8/UTF8.enc
File: UTF8.enc 2021/10/16 4.8.5
)
(/usr/share/texmf/tex/latex/CJK/UTF8/UTF8.chr
File: UTF8.chr 2021/10/16 4.8.5
)
LaTeX Font Info:    Font shape `T1/cmtt/bx/n' in size <9> not available
(Font)              Font shape `T1/cmtt/m/n' tried instead on input line 382.


[1


{/var/lib/texmf/fonts/map/pdftex/updmap/pdftex.map}{/usr/share/texmf/fonts/enc/
dvips/cm-super/cm-super-t1.enc}] (./main_document_processed.toc
LaTeX Font Info:    Trying to load font information for U+msa on input line 4.

(/usr/share/texlive/texmf-dist/tex/latex/amsfonts/umsa.fd
File: umsa.fd 2013/01/14 v3.01 AMS symbols A
)
LaTeX Font Info:    Trying to load font information for U+msb on input line 4.

(/usr/share/texlive/texmf-dist/tex/latex/amsfonts/umsb.fd
File: umsb.fd 2013/01/14 v3.01 AMS symbols B
)
Overfull \hbox (14.61086pt too wide) in paragraph at lines 107--107
 [][] [][][]\T1/cmr/m/n/10.95 Python Com-pil-ers, Ac-cel-er-a-tors, and Trans-l
a-tors: Cython, Nu-itka, Numba, MyPyC, 
 []



[2

]

[3]

[4])
\tf@toc=\write6
\openout6 = `main_document_processed.toc'.



[5]
Chapter 1.


[6


]

[7]

[8]
Chapter 2.


[9

]

[10]

[11{/usr/share/texmf/fonts/enc/dvips/cm-super/cm-super-ts1.enc}]

[12]

[13]

[14]

[15]

[16]

[17]
LaTeX Font Info:    Font shape `T1/cmtt/bx/n' in size <10.95> not available
(Font)              Font shape `T1/cmtt/m/n' tried instead on input line 679.


[18]

[19]

[20]

[21]

[22]

[23]

[24]

[25]

[26]

[27]

[28]

[29]

[30]

[31]

[32]

[33]

[34]
Overfull \hbox (4.46878pt too wide) in paragraph at lines 1463--1464
\T1/cmr/m/n/10.95 A \T1/cmr/bx/n/10.95 pro-cess vir-tual ma-chine \T1/cmr/m/n/1
0.95 is a soft-ware ex-e-cu-tion en-vi-ron-ment that runs in-side an or-di-nary
 operating-
 []



[35]

[36]
Underfull \hbox (badness 1400) in paragraph at lines 1551--1552
[]|\T1/cmr/m/n/10.95 Function or method calls may use runtime-
 []



[37]

[38]

[39]

[40]

[41]
Underfull \hbox (badness 2213) in paragraph at lines 1769--1769
[]|\T1/cmr/m/n/10.95 Source-derived syn-tax tree or
 []


Underfull \hbox (badness 1675) in paragraph at lines 1771--1772
[]|\T1/cmr/m/n/10.95 CPython, PHP Zend En-
 []


Underfull \hbox (badness 1648) in paragraph at lines 1773--1773
[]|\T1/cmr/m/n/10.95 Bytecode first, se-lected paths
 []


Underfull \hbox (badness 10000) in paragraph at lines 1775--1775
[]|\T1/cmr/m/n/10.95 Command in-ter-pre-ta-tion
 []



[42]

[43]

[44]

[45]

[46]

[47]

[48]

[49]

[50]

[51]
Underfull \hbox (badness 1331) in paragraph at lines 2354--2355
[]|\T1/cmr/m/n/10.95 Requires vir-tual reg-is-ter as-
 []



[52]

[53]

[54]

[55]

[56]

[57]
\g__tcobox_out_iow=\write7
\openout7 = `main_document_processed.listing'.

LaTeX Font Info:    Font shape `T1/cmtt/bx/n' in size <6> not available
(Font)              Font shape `T1/cmtt/m/n' tried instead on input line 2590.
\pydata@fh@_50198C1AAAC27044BC498367ACCE2F74.data.minted=\write8
\openout8 = `_50198C1AAAC27044BC498367ACCE2F74.data.minted'.

runsystem(latexminted config  --timestamp 20260607174321 50198C1AAAC27044BC4983
67ACCE2F74)...executed safely (allowed).

 (./_50198C1AAAC27044BC498367ACCE2F74.config.minted)
runsystem(latexminted cleanconfig  --timestamp 20260607174321 50198C1AAAC27044B
C498367ACCE2F74)...executed safely (allowed).


(./_minted/default.style.minted)
(./_minted/90B1713B253B5054F629FE2BB10E887B.highlight.minted
LaTeX Font Info:    Font shape `T1/cmtt/bx/n' in size <10> not available
(Font)              Font shape `T1/cmtt/m/n' tried instead on input line 5.
)

[58]
\openout7 = `main_document_processed.listing'.

 (./_minted/30919C2850EA9EBEB6E777A8CB28C2E4.highlight.minted)
Underfull \hbox (badness 10000) in paragraph at lines 2661--2662

 []



[59]
Overfull \hbox (0.40294pt too wide) in paragraph at lines 2686--2687
 []\T1/cmr/bx/n/10.95 Python: sort-ing keys, GUI han-dlers, web call-backs, and
 data-processing hooks.[] \T1/cmr/m/n/10.95 In Python,
 []

\openout7 = `main_document_processed.listing'.

(./_minted/186F2E37BD05F14F3CD541AF7A4D8CC6.highlight.minted)

[60]

[61]
\openout7 = `main_document_processed.listing'.

 (./_minted/B772F63D8AD240346FED56E81661F245.highlight.minted)
Underfull \hbox (badness 10000) in paragraph at lines 2845--2846

 []



[62]
\openout7 = `main_document_processed.listing'.

 (./_minted/0513803014FA51C171B0035015CE9E68.highlight.minted)
Overfull \hbox (13.02127pt too wide) in paragraph at lines 2923--2924
 []\T1/cmr/bx/n/10.95 JavaScript and V8: DOM events, AJAX, timers, promises, an
d Node.js call-backs.[] \T1/cmr/m/n/10.95 JavaScript
 []



[63]
\openout7 = `main_document_processed.listing'.

 (./_minted/C16BA195A7AB880769A529884673A9D1.highlight.minted)

[64]
\openout7 = `main_document_processed.listing'.

 (./_minted/B43A3A377C9E050DA3590A9D0668ABA8.highlight.minted)
\openout7 = `main_document_processed.listing'.


(./_minted/92995561EDDBB0F4E9ED9BF6385C67CB.highlight.minted)

[65]
\openout7 = `main_document_processed.listing'.

 (./_minted/95C7A405857D14001766C9EF7EB1A17B.highlight.minted)

[66]

[67]
Underfull \hbox (badness 5726) in paragraph at lines 3209--3209
[]|\T1/cmr/bx/n/10.95 Useful call-back ap-pli-ca-
 []


Underfull \hbox (badness 1253) in paragraph at lines 3211--3211
\T1/cmr/m/n/10.95 braries, em-bed-ded call-backs,
 []


Underfull \hbox (badness 1009) in paragraph at lines 3213--3213
[]|\T1/cmr/m/n/10.95 Sorting keys, GUI han-dlers,
 []


Underfull \hbox (badness 1681) in paragraph at lines 3215--3215
[]|\T1/cmr/m/n/10.95 GUI lis-ten-ers, stream op-er-
 []


Underfull \hbox (badness 2119) in paragraph at lines 3215--3215
\T1/cmr/m/n/10.95 a-tions, com-ple-tion han-dlers,
 []


Underfull \hbox (badness 10000) in paragraph at lines 3217--3217
[]|\T1/cmr/m/n/10.95 JavaScript /
 []


Underfull \hbox (badness 10000) in paragraph at lines 3217--3217
[]|\T1/cmr/m/n/10.95 DOM events, AJAX/fetch
 []


Underfull \hbox (badness 3354) in paragraph at lines 3217--3217
\T1/cmr/m/n/10.95 com-ple-tion, timers, Node.js
 []


Underfull \hbox (badness 1603) in paragraph at lines 3219--3220
[]|\T1/cmr/m/n/10.95 Callable value re-solved by Zend
 []


Underfull \hbox (badness 10000) in paragraph at lines 3221--3221
[]|\T1/cmtt/m/n/10.95 trap \T1/cmr/m/n/10.95 cleanup han-dlers,
 []


Underfull \hbox (badness 10000) in paragraph at lines 3221--3221
\T1/cmr/m/n/10.95 command-name dis-patch,
 []



[68]
\openout7 = `main_document_processed.listing'.

 (./_minted/0D77413F963EE6275164A228373ED9D3.highlight.minted)

[69]

[70]

[71]

[72]
\openout7 = `main_document_processed.listing'.

 (./_minted/DB23DDA04DCA669986325F3BDCD5CA40.highlight.minted)
\openout7 = `main_document_processed.listing'.


(./_minted/95C7A405857D14001766C9EF7EB1A17B.highlight.minted)

[73]
\openout7 = `main_document_processed.listing'.

 (./_minted/6A242D0AB195637827065D6E1C41341A.highlight.minted)

[74]
\openout7 = `main_document_processed.listing'.

 (./_minted/FB944D234CBAC74583986B2E6387C0E6.highlight.minted)

[75]

[76]
Underfull \hbox (badness 10000) in paragraph at lines 3747--3747
[]|\T1/cmr/m/n/10.95 JavaScript /
 []


Underfull \hbox (badness 10000) in paragraph at lines 3749--3750
[]|\T1/cmr/m/n/10.95 Produces functional-interface-
 []


Underfull \hbox (badness 4156) in paragraph at lines 3749--3750
\T1/cmr/m/n/10.95 compatible callable ob-ject; call
 []


Underfull \hbox (badness 1215) in paragraph at lines 3751--3751
[]|\T1/cmr/m/n/10.95 Anonymous func-tions / clo-
 []


Underfull \hbox (badness 2644) in paragraph at lines 3755--3755
[]|\T1/cmr/m/n/10.95 No func-tion ob-jects; in-line
 []


Underfull \hbox (badness 10000) in paragraph at lines 3755--3755
\T1/cmr/m/n/10.95 com-mand text, com-mand
 []



[77]
\openout7 = `main_document_processed.listing'.

 (./_minted/366FECB0D01409A2362933DEDB1669C1.highlight.minted)

[78]
\openout7 = `main_document_processed.listing'.

 (./_minted/A82BEEBFFD99717D181FF771FB137CFF.highlight.minted)

[79]
\openout7 = `main_document_processed.listing'.

 (./_minted/27D6594D0E4B108AC14A4A41398A3D2B.highlight.minted)
Overfull \hbox (10.20992pt too wide) in paragraph at lines 3947--3948
 []\T1/cmr/bx/n/10.95 JavaScript / V8: lex-i-cal en-vi-ron-ments for call-backs
, AJAX, timers, and fac-to-ries.[] \T1/cmr/m/n/10.95 JavaScript
 []

\openout7 = `main_document_processed.listing'.

(./_minted/ABCC1E2160DE4B0FC2A36EA643E03E8F.highlight.minted)

[80]
\openout7 = `main_document_processed.listing'.

 (./_minted/7D12BFCFC8759BE108C77BD993F9A35E.highlight.minted)

[81]
\openout7 = `main_document_processed.listing'.

 (./_minted/60F360AD3CBFEEAB746050BD0629C739.highlight.minted)
\openout7 = `main_document_processed.listing'.


(./_minted/38F5FE60AADFF60CF1563AE3387217F4.highlight.minted)

[82]
\openout7 = `main_document_processed.listing'.

 (./_minted/889772B121A9EAC0EB6A2DA9B53D5D70.highlight.minted)

[83]
\openout7 = `main_document_processed.listing'.

 (./_minted/9BB3F3D05A97BADD8DACE61ADD4B3E96.highlight.minted)

[84]
\openout7 = `main_document_processed.listing'.

 (./_minted/DB7E2B23E4A0EB39849819047181555E.highlight.minted)
\openout7 = `main_document_processed.listing'.


(./_minted/26E4EB3D51885FD26E6A8D5EF5C449BD.highlight.minted)

[85]

[86]
\openout7 = `main_document_processed.listing'.

 (./_minted/171ED1B16CF2B27C52E0B85CDD0F4455.highlight.minted)
\openout7 = `main_document_processed.listing'.


(./_minted/844588F583E7A9ACFC59D3E75E41FA45.highlight.minted)
Underfull \hbox (badness 10000) in paragraph at lines 4389--4390

 []



[87]
\openout7 = `main_document_processed.listing'.

 (./_minted/0CE4B35A1DB0494B3D329DA39B4EBF80.highlight.minted)
Underfull \hbox (badness 10000) in paragraph at lines 4442--4443

 []



[88]
Underfull \hbox (badness 10000) in paragraph at lines 4519--4519
[]|\T1/cmr/m/n/10.95 Python /
 []


Underfull \hbox (badness 2393) in paragraph at lines 4519--4520
[]|\T1/cmr/m/n/10.95 Outer Python frame dis-ap-pears;
 []


Underfull \hbox (badness 10000) in paragraph at lines 4521--4521
[]|\T1/cmr/m/n/10.95 JavaScript /
 []


Underfull \hbox (badness 1783) in paragraph at lines 4525--4526
[]|\T1/cmr/m/n/10.95 Function frame dis-ap-pears; cap-
 []


Underfull \hbox (badness 1142) in paragraph at lines 4529--4530
\T1/cmr/m/n/10.95 er-ated func-tions, sub-shell copies,
 []



[89]

[90]

[91]
Chapter 3.

Overfull \hbox (3.08403pt too wide) in paragraph at lines 4596--4596
[]\T1/cmr/bx/n/12 Chronological Time-line: The Gen-e-sis, Ori-gins, and For-mal
 Re-lease of Python
 []



[92

]

[93]

[94]

[95]

[96]

[97]

[98]
Chapter 4.


[99

]

[100]
\openout7 = `main_document_processed.listing'.

 (./_minted/0B137D8C973C61FBDF0B0ED53A717917.highlight.minted)

[101]

[102]

[103]

[104]

[105]
Overfull \hbox (11.7164pt too wide) in paragraph at lines 5149--5150
[]\T1/cmr/m/n/10.95 In CPython, ob-ject life-time is strongly con-nected to ref
-er-ence count-ing (\T1/cmtt/m/n/10.95 ob_refcnt \T1/cmr/m/n/10.95 in \T1/cmtt/
m/n/10.95 PyObject_HEAD\T1/cmr/m/n/10.95 ).
 []

LaTeX Font Info:    Font shape `T1/cmtt/bx/n' in size <12> not available
(Font)              Font shape `T1/cmtt/m/n' tried instead on input line 5172.


[106]

[107]
Overfull \hbox (28.54926pt too wide) in paragraph at lines 5278--5279
[]\T1/cmr/m/n/10.95 NaN is not equal even to it-self. Test with \T1/cmtt/m/n/10
.95 math.isnan()\T1/cmr/m/n/10.95 , not \T1/cmtt/m/n/10.95 ==\T1/cmr/m/n/10.95 
. Use \T1/cmtt/m/n/10.95 math.isinf() \T1/cmr/m/n/10.95 and \T1/cmtt/m/n/10.95 
math.isfinite()
 []



[108]
Overfull \hbox (6.47182pt too wide) in paragraph at lines 5334--5335
[]\T1/cmr/m/n/10.95 Python booleans are sin-gle-ton truth-value ob-jects that i
n-herit from \T1/cmtt/m/n/10.95 int \T1/cmr/m/n/10.95 due to early backward-
 []



[109]

[110]

[111]

[112]
Overfull \hbox (43.39604pt too wide) in paragraph at lines 5567--5568
\T1/cmr/m/n/10.95 target-type rules: \T1/cmtt/m/n/10.95 int("3.14") \T1/cmr/m/n
/10.95 raises \T1/cmtt/m/n/10.95 ValueError\T1/cmr/m/n/10.95 ; \T1/cmtt/m/n/10.
95 int(float("3.14")) \T1/cmr/m/n/10.95 trun-cates to-ward zero. \T1/cmtt/m/n/1
0.95 bool("False")
 []


Overfull \hbox (8.8895pt too wide) in paragraph at lines 5580--5581
[]\T1/cmr/m/n/10.95 These are de-fined in-ter-ac-tions, not silent con-ver-sion
 of un-re-lated do-mains. \T1/cmtt/m/n/10.95 42 + "1" \T1/cmr/m/n/10.95 raises 
\T1/cmtt/m/n/10.95 TypeError\T1/cmr/m/n/10.95 .
 []



[113]

[114]

[115]
Chapter 5.

Overfull \hbox (9.73248pt too wide) in paragraph at lines 5675--5676
[]\T1/cmr/m/n/10.95 Syntax such as \T1/cmtt/m/n/10.95 len(obj)\T1/cmr/m/n/10.95
 , \T1/cmtt/m/n/10.95 obj[i]\T1/cmr/m/n/10.95 , and \T1/cmtt/m/n/10.95 x in obj
 \T1/cmr/m/n/10.95 del-e-gates to spe-cial meth-ods (\T1/cmtt/m/n/10.95 __len__
\T1/cmr/m/n/10.95 , \T1/cmtt/m/n/10.95 __getitem__\T1/cmr/m/n/10.95 ,
 []



[116

]

[117]
Overfull \hbox (35.78638pt too wide) in paragraph at lines 5727--5728
[]\T1/cmr/m/n/10.95 Decoding must match the en-cod-ing used at en-code time. Wr
ong strict de-cod-ing raises \T1/cmtt/m/n/10.95 UnicodeDecodeError\T1/cmr/m/n/1
0.95 ;
 []



[118]
LaTeX Font Info:    Font shape `T1/cmtt/bx/n' in size <14.4> not available
(Font)              Font shape `T1/cmtt/m/n' tried instead on input line 5748.


[119]

[120]
Overfull \hbox (14.82748pt too wide) in paragraph at lines 5828--5829
[]\T1/cmr/m/n/10.95 Architecturally, \T1/cmtt/m/n/10.95 split\T1/cmr/m/n/10.95 
/\T1/cmtt/m/n/10.95 join \T1/cmr/m/n/10.95 form the bound-ary be-tween flat tex
t and pointer ar-rays of text fragments---
 []



[121]
Overfull \hbox (34.06035pt too wide) in paragraph at lines 5876--5877
\T1/cmtt/m/n/10.95 items[i] = obj \T1/cmr/m/n/10.95 re-places one \T1/cmtt/m/n/
10.95 PyObject* \T1/cmr/m/n/10.95 slot; the list shell is un-changed. Slice as-
sign-ment \T1/cmtt/m/n/10.95 items[start:stop]
 []



[122]

[123]

[124]
Chapter 6.


[125

]
\openout7 = `main_document_processed.listing'.

 (./_minted/08D16A5DDD72437A8878266145751094.highlight.minted)
Underfull \hbox (badness 10000) in paragraph at lines 6020--6023

 []



[126]
\openout7 = `main_document_processed.listing'.

 (./_minted/4C9C6FAA33C5AF9AB674E534FC1C7567.highlight.minted)
Underfull \hbox (badness 10000) in paragraph at lines 6080--6082

 []



[127]
\openout7 = `main_document_processed.listing'.

 (./_minted/1FB7FFA0A3C9641C8B087E7E2EDDD2F6.highlight.minted)
Underfull \hbox (badness 10000) in paragraph at lines 6149--6150

 []



[128]

[129]
\openout7 = `main_document_processed.listing'.

 (./_minted/550F6756A069EE8669B100F6BCF147AC.highlight.minted)
Underfull \hbox (badness 10000) in paragraph at lines 6291--6296

 []



[130]
\openout7 = `main_document_processed.listing'.

 (./_minted/842ADE7DE5990E59BE1CA2EBE081C52E.highlight.minted)
Underfull \hbox (badness 10000) in paragraph at lines 6344--6348

 []



[131]

[132]
\openout7 = `main_document_processed.listing'.

 (./_minted/87D4AD6B737B1F8C50192DD03199A54E.highlight.minted)

[133]
\openout7 = `main_document_processed.listing'.

 (./_minted/3AC55513870C2248EF82FE1C60775C02.highlight.minted)

[134]
\openout7 = `main_document_processed.listing'.

 (./_minted/31F56D7E034686778110A7D38E4B382E.highlight.minted)

[135]
Underfull \hbox (badness 10000) in paragraph at lines 6602--6624

 []

\openout7 = `main_document_processed.listing'.

(./_minted/C94A53C196BAC9124398ABAF2BB64C4F.highlight.minted)

[136]
Underfull \hbox (badness 10000) in paragraph at lines 6658--6665
\T1/cmtt/m/n/10.95 first_tok: TokenInfo(type=1 (NAME), string='x', start=(1, 0)
, end=(1, 1), line='x
 []


Underfull \hbox (badness 10000) in paragraph at lines 6658--6665

 []


Overfull \hbox (28.09885pt too wide) in paragraph at lines 6670--6671
[]\T1/cmr/m/n/10.95 If Python ex-pects in-den-ta-tion and the in-den-ta-tion do
es not form a valid block, it raises \T1/cmtt/m/n/10.95 IndentationError\T1/cmr
/m/n/10.95 . 
 []

\openout7 = `main_document_processed.listing'.

(./_minted/754F9C0E48F6995006C2851E8661ED87.highlight.minted)
Underfull \hbox (badness 10000) in paragraph at lines 6690--6695
\T1/cmtt/m/n/10.95 message: expected an indented block after 'if' statement on 
line 1 (<bad_indent>,
 []


Underfull \hbox (badness 10000) in paragraph at lines 6690--6695
\T1/cmtt/m/n/10.95 args: ("expected an indented block after 'if' statement on l
ine 1",
 []


Underfull \hbox (badness 10000) in paragraph at lines 6690--6695

 []



[137]
\openout7 = `main_document_processed.listing'.

 (./_minted/985BDE79F7D9F5E6D59B4F4E983F1822.highlight.minted)
Underfull \hbox (badness 10000) in paragraph at lines 6722--6726
\T1/cmtt/m/n/10.95 message: inconsistent use of tabs and spaces in indentation 
(<mixed_tabs_spaces>,
 []


Underfull \hbox (badness 10000) in paragraph at lines 6722--6726
\T1/cmtt/m/n/10.95 args: ('inconsistent use of tabs and spaces in indentation',

 []


Underfull \hbox (badness 10000) in paragraph at lines 6722--6726

 []


Overfull \hbox (280.18321pt too wide) in paragraph at lines 6742--6742
[]\T1/cmtt/m/n/10.95 (<class \TS1/cmtt/m/n/10.95 '\T1/cmtt/m/n/10.95 TabError\T
S1/cmtt/m/n/10.95 '\T1/cmtt/m/n/10.95 >, <class \TS1/cmtt/m/n/10.95 '\T1/cmtt/m
/n/10.95 IndentationError\TS1/cmtt/m/n/10.95 '\T1/cmtt/m/n/10.95 >, <class \TS1
/cmtt/m/n/10.95 '\T1/cmtt/m/n/10.95 SyntaxError\TS1/cmtt/m/n/10.95 '\T1/cmtt/m/
n/10.95 >, <class \TS1/cmtt/m/n/10.95 '\T1/cmtt/m/n/10.95 Exception\TS1/cmtt/m/
n/10.95 '\T1/cmtt/m/n/10.95 >, <class \TS1/cmtt/m/n/10.95 '\T1/cmtt/m/n/10.95 B
aseException\TS1/cmtt/m/n/10.95 '\T1/cmtt/m/n/10.95 >, <class \TS1/cmtt/m/n/10.
95 '\T1/cmtt/m/n/10.95 object\TS1/cmtt/m/n/10.95 '\T1/cmtt/m/n/10.95 >)[] 
 []



[138]
\openout7 = `main_document_processed.listing'.

 (./_minted/3AC55513870C2248EF82FE1C60775C02.highlight.minted)
\openout7 = `main_document_processed.listing'.


(./_minted/C7409F15CE1BB7DF90EEF6C3516D21D4.highlight.minted)

[139]
\openout7 = `main_document_processed.listing'.

 (./_minted/D5627BA22759697EDE9ABE2003135499.highlight.minted)

[140]
\openout7 = `main_document_processed.listing'.

 (./_minted/250A19A275C2D4FD6947596B24D83AB5.highlight.minted)

[141]
\openout7 = `main_document_processed.listing'.

 (./_minted/3DF93E1905E14CFCDAF6ECBCA4FBB079.highlight.minted)
Underfull \hbox (badness 10000) in paragraph at lines 6954--6958

 []

\openout7 = `main_document_processed.listing'.

(./_minted/33B675DCDC54FBC049BB183704426FFA.highlight.minted)

[142]
\openout7 = `main_document_processed.listing'.

 (./_minted/FD98C8F9C13E4B9EDCE825D736BBB29F.highlight.minted)
Underfull \hbox (badness 10000) in paragraph at lines 7019--7027

 []



[143]
\openout7 = `main_document_processed.listing'.

 (./_minted/CE1A89FADD875058E2D783A31788F366.highlight.minted)
Underfull \hbox (badness 10000) in paragraph at lines 7116--7117

 []

\openout7 = `main_document_processed.listing'.

(./_minted/BC3F583539D854517AE42B0A6102C541.highlight.minted)

[144]
Underfull \hbox (badness 10000) in paragraph at lines 7137--7138

 []



[145]
\openout7 = `main_document_processed.listing'.

 (./_minted/CE1A89FADD875058E2D783A31788F366.highlight.minted)
Underfull \hbox (badness 10000) in paragraph at lines 7210--7211

 []

\openout7 = `main_document_processed.listing'.

(./_minted/BC3F583539D854517AE42B0A6102C541.highlight.minted)
Underfull \hbox (badness 10000) in paragraph at lines 7233--7234

 []



[146]
\openout7 = `main_document_processed.listing'.

 (./_minted/BEFCAF5F3CC2EB1ADFAA1D8388CE52A5.highlight.minted)

[147]
\openout7 = `main_document_processed.listing'.

 (./_minted/9B7B212142E3603F9AD0A1A76477718D.highlight.minted)
Underfull \hbox (badness 10000) in paragraph at lines 7352--7355

 []



[148]
\openout7 = `main_document_processed.listing'.

 (./_minted/439BAB66B38B9F21A9A6535128E7E75B.highlight.minted)
Underfull \hbox (badness 10000) in paragraph at lines 7408--7411

 []

\openout7 = `main_document_processed.listing'.

(./_minted/282F0DA0EFA2EE51569A700A5F18ABE4.highlight.minted)

[149]
Underfull \hbox (badness 10000) in paragraph at lines 7436--7438

 []

\openout7 = `main_document_processed.listing'.

(./_minted/C73D111E8A420B93406AFC65CC3C1E78.highlight.minted)
Underfull \hbox (badness 10000) in paragraph at lines 7466--7468

 []

\openout7 = `main_document_processed.listing'.

(./_minted/2D96B43C8CE58EE0CD54901B4D02161B.highlight.minted)

[150]
Underfull \hbox (badness 10000) in paragraph at lines 7490--7492

 []

\openout7 = `main_document_processed.listing'.

(./_minted/CA09927FF439565FC036032406993F78.highlight.minted)
Underfull \hbox (badness 10000) in paragraph at lines 7514--7515

 []

\openout7 = `main_document_processed.listing'.

(./_minted/A153DF446F55EB70497863F52A5CCDBD.highlight.minted)

[151]
Underfull \hbox (badness 10000) in paragraph at lines 7547--7551
\T1/cmtt/m/n/10.95 dir(status) sample: ['__add__', '__class__', '__contains__',
 '__delattr__',
 []


Underfull \hbox (badness 10000) in paragraph at lines 7547--7551

 []


Overfull \hbox (121.74883pt too wide) in paragraph at lines 7599--7599
[]\T1/cmtt/m/n/10.95 message = "Chuck Norris counted to infinity twice." if nam
e == "Chuck" and power >= 40 else "ordinary case"[] 
 []



[152]
\openout7 = `main_document_processed.listing'.

 (./_minted/A3AF46778508D6F21CF5EE07CA658A0F.highlight.minted)
Underfull \hbox (badness 10000) in paragraph at lines 7627--7628

 []

\openout7 = `main_document_processed.listing'.

(./_minted/3118CDE20F3224766B4BEFEDE2E0E62B.highlight.minted)

[153]
Underfull \hbox (badness 10000) in paragraph at lines 7684--7686

 []



[154]
\openout7 = `main_document_processed.listing'.

 (./_minted/3CE18C7469E6983826AEF7E56AD2A128.highlight.minted)
Underfull \hbox (badness 10000) in paragraph at lines 7772--7778

 []

\openout7 = `main_document_processed.listing'.

(./_minted/BBAAD2CDEBD518D4DE4DD0E3BA45C59B.highlight.minted)

[155]
Underfull \hbox (badness 10000) in paragraph at lines 7795--7800

 []

\openout7 = `main_document_processed.listing'.

(./_minted/F4E2F1884DD1CE70B04CB0B6647FF2DB.highlight.minted)
Underfull \hbox (badness 10000) in paragraph at lines 7827--7834

 []

\openout7 = `main_document_processed.listing'.

(./_minted/0D575132DE75C25F2728DD3129E569AF.highlight.minted)

[156]
Underfull \hbox (badness 10000) in paragraph at lines 7852--7858

 []

\openout7 = `main_document_processed.listing'.

(./_minted/0868E029A5C59627946C01037EE83577.highlight.minted)
Underfull \hbox (badness 10000) in paragraph at lines 7908--7913
\T1/cmtt/m/n/10.95 dir(result) sample: ['__bool__', '__class__', '__delattr__',
 '__dir__', '__doc__',
 []


Underfull \hbox (badness 10000) in paragraph at lines 7908--7913

 []



[157]
\openout7 = `main_document_processed.listing'.

 (./_minted/1208777A5C34C3762C38533DFCB5A59F.highlight.minted)
Underfull \hbox (badness 10000) in paragraph at lines 7934--7936

 []



[158]
\openout7 = `main_document_processed.listing'.

 (./_minted/9756EF338C3C7A66329B8FB07C4E1CAA.highlight.minted)
Underfull \hbox (badness 10000) in paragraph at lines 8012--8018

 []



[159]

[160]

[161]
\openout7 = `main_document_processed.listing'.

 (./_minted/C4A91CB9EA054C0E88594C1777C34983.highlight.minted)
Underfull \hbox (badness 10000) in paragraph at lines 8219--8227
\T1/cmtt/m/n/10.95 dir(nums) sample: ['__bool__', '__class__', '__contains__', 
'__delattr__',
 []


Underfull \hbox (badness 10000) in paragraph at lines 8219--8227

 []



[162]
\openout7 = `main_document_processed.listing'.

 (./_minted/1ACC82C171531729D3A1878B8B734A17.highlight.minted)
Underfull \hbox (badness 10000) in paragraph at lines 8263--8270

 []

\openout7 = `main_document_processed.listing'.

(./_minted/430B40F4C79737D65D68C3EBDFF13D27.highlight.minted)
Underfull \hbox (badness 10000) in paragraph at lines 8299--8303

 []



[163]
\openout7 = `main_document_processed.listing'.

 (./_minted/E50754EFD510CBE4025F0FF71522B42C.highlight.minted)
Underfull \hbox (badness 10000) in paragraph at lines 8359--8365

 []



[164]
\openout7 = `main_document_processed.listing'.

 (./_minted/FCE41101797A07A485D5FA18AF358E50.highlight.minted)
Underfull \hbox (badness 10000) in paragraph at lines 8387--8391

 []

\openout7 = `main_document_processed.listing'.

(./_minted/C45042D841A3B973EC648239BA84BB18.highlight.minted)

[165]
Underfull \hbox (badness 10000) in paragraph at lines 8423--8429

 []



[166]
\openout7 = `main_document_processed.listing'.

 (./_minted/9C33822CBB04C7E7A5CA9DAD3E3EBDA8.highlight.minted)
Underfull \hbox (badness 10000) in paragraph at lines 8516--8528

 []



[167]
\openout7 = `main_document_processed.listing'.

 (./_minted/B9C65A631B2EA9E992F176D2D6602AB9.highlight.minted)
Underfull \hbox (badness 10000) in paragraph at lines 8601--8603

 []

\openout7 = `main_document_processed.listing'.

(./_minted/91790033A7503B3FC9BB25EF1D1E1E46.highlight.minted)

[168]
Underfull \hbox (badness 10000) in paragraph at lines 8620--8624

 []



[169]
\openout7 = `main_document_processed.listing'.

 (./_minted/0A03DA4C0F79FA6A513F388B2025875B.highlight.minted)
Underfull \hbox (badness 10000) in paragraph at lines 8735--8740

 []



[170]
\openout7 = `main_document_processed.listing'.

 (./_minted/218A1035A17C5BB31A5FE0EDD9E32F17.highlight.minted)
Underfull \hbox (badness 10000) in paragraph at lines 8780--8785

 []

\openout7 = `main_document_processed.listing'.

(./_minted/8709C71BB0E95256BF80F7571D7D9506.highlight.minted)
Underfull \hbox (badness 10000) in paragraph at lines 8802--8804

 []

\openout7 = `main_document_processed.listing'.

(./_minted/EC5B6314BBBFCEA2A4374344185630B3.highlight.minted)

[171]
Underfull \hbox (badness 10000) in paragraph at lines 8821--8823

 []

\openout7 = `main_document_processed.listing'.

(./_minted/32C11F8BBE83C1548427F8CFF65D37D4.highlight.minted)
Underfull \hbox (badness 10000) in paragraph at lines 8864--8872

 []



[172]
\openout7 = `main_document_processed.listing'.

 (./_minted/751D63A327DD2F9C5A36EFD7A946B503.highlight.minted)
Underfull \hbox (badness 10000) in paragraph at lines 8897--8903

 []

\openout7 = `main_document_processed.listing'.

(./_minted/6A78EE5A1D346C5D496515930FE9A45E.highlight.minted)

[173]
Underfull \hbox (badness 10000) in paragraph at lines 8935--8953

 []



[174]

[175]

[176]
\openout7 = `main_document_processed.listing'.

 (./_minted/93CB7A7D115BD6AA37E34DC0E3F6EADD.highlight.minted)
Underfull \hbox (badness 10000) in paragraph at lines 9118--9125

 []



[177]
\openout7 = `main_document_processed.listing'.

 (./_minted/2D273C6A4F6139A59821CD756B8B0F2E.highlight.minted)
Underfull \hbox (badness 10000) in paragraph at lines 9150--9157

 []



[178]
\openout7 = `main_document_processed.listing'.

 (./_minted/BAD97B18B4A0457058322F6A9E4B0549.highlight.minted)
Underfull \hbox (badness 10000) in paragraph at lines 9243--9247

 []



[179]
\openout7 = `main_document_processed.listing'.

 (./_minted/7547FE388A1543C6778CF05C069FD1BF.highlight.minted)
Underfull \hbox (badness 10000) in paragraph at lines 9289--9291

 []



[180]
\openout7 = `main_document_processed.listing'.

 (./_minted/96946F25CAB4AC841747EE1C40C3E28D.highlight.minted)
Underfull \hbox (badness 10000) in paragraph at lines 9355--9358

 []

\openout7 = `main_document_processed.listing'.

(./_minted/74FFB365E2D17723CD56989A36303839.highlight.minted)

[181]
Underfull \hbox (badness 10000) in paragraph at lines 9402--9410

 []

\openout7 = `main_document_processed.listing'.

(./_minted/F45DD65996D0B301ACD050A1B2EC5BC6.highlight.minted)
Underfull \hbox (badness 10000) in paragraph at lines 9437--9444

 []



[182]
\openout7 = `main_document_processed.listing'.

 (./_minted/0BCF5C25FF86B5C0D7C9E77506FA26C5.highlight.minted)
Underfull \hbox (badness 10000) in paragraph at lines 9489--9492

 []



[183]
\openout7 = `main_document_processed.listing'.

 (./_minted/27E6C4F991C0302E32BD7286D488BD5D.highlight.minted)
Underfull \hbox (badness 10000) in paragraph at lines 9572--9575

 []



[184]
\openout7 = `main_document_processed.listing'.

 (./_minted/4C625F266030FFC83E53088AFACCBDED.highlight.minted)
Underfull \hbox (badness 10000) in paragraph at lines 9594--9596

 []

\openout7 = `main_document_processed.listing'.

(./_minted/F693F0221613239BF6DB538FEB9AE9BD.highlight.minted)
Underfull \hbox (badness 10000) in paragraph at lines 9618--9622

 []



[185]
\openout7 = `main_document_processed.listing'.

 (./_minted/4888379ECC6C914F5A8EB8E513E66B37.highlight.minted)
Underfull \hbox (badness 10000) in paragraph at lines 9665--9667

 []

\openout7 = `main_document_processed.listing'.

(./_minted/A7E75216DD2D6AB2551DE691ADC1B6D9.highlight.minted)
Underfull \hbox (badness 10000) in paragraph at lines 9687--9689

 []



[186]
\openout7 = `main_document_processed.listing'.

 (./_minted/44BB130D0ECD97EB3A0DD63D7F5A00B8.highlight.minted)
Underfull \hbox (badness 10000) in paragraph at lines 9758--9765

 []



[187]
\openout7 = `main_document_processed.listing'.

 (./_minted/E521D6C5D6CA23A6E7D8D74339A75E2E.highlight.minted)
Underfull \hbox (badness 10000) in paragraph at lines 9807--9816

 []



[188]
\openout7 = `main_document_processed.listing'.

 (./_minted/FE8FA664D07B79DE32FCB85334299CAB.highlight.minted)
Underfull \hbox (badness 10000) in paragraph at lines 9876--9878

 []

\openout7 = `main_document_processed.listing'.

(./_minted/074FF1E33EC74754E41B24F065BDBF5F.highlight.minted)

[189]
Underfull \hbox (badness 10000) in paragraph at lines 9927--9935

 []



[190]
\openout7 = `main_document_processed.listing'.

 (./_minted/3C2FF66F2924FF3C5D66CE54D71818D3.highlight.minted)
Underfull \hbox (badness 10000) in paragraph at lines 9993--10000

 []

\openout7 = `main_document_processed.listing'.

(./_minted/032D9B7DA90A8D6BA895DD1616C2820D.highlight.minted)

[191]
Underfull \hbox (badness 10000) in paragraph at lines 10044--10047

 []

\openout7 = `main_document_processed.listing'.

(./_minted/44BB130D0ECD97EB3A0DD63D7F5A00B8.highlight.minted)

[192]
Underfull \hbox (badness 10000) in paragraph at lines 10112--10119

 []

\openout7 = `main_document_processed.listing'.

(./_minted/E521D6C5D6CA23A6E7D8D74339A75E2E.highlight.minted)
Underfull \hbox (badness 10000) in paragraph at lines 10160--10169

 []



[193]
\openout7 = `main_document_processed.listing'.

 (./_minted/FE8FA664D07B79DE32FCB85334299CAB.highlight.minted)
Underfull \hbox (badness 10000) in paragraph at lines 10201--10203

 []



[194]
\openout7 = `main_document_processed.listing'.

 (./_minted/6A2EE4709038976279B8D0F887745484.highlight.minted)
Underfull \hbox (badness 10000) in paragraph at lines 10248--10253

 []

\openout7 = `main_document_processed.listing'.

(./_minted/7BE4D32DE266C81D1159463B46160E44.highlight.minted)
Underfull \hbox (badness 10000) in paragraph at lines 10276--10284

 []



[195]
\openout7 = `main_document_processed.listing'.

 (./_minted/43AF75F492476B09911BB49209528A83.highlight.minted)
Underfull \hbox (badness 10000) in paragraph at lines 10305--10309

 []

\openout7 = `main_document_processed.listing'.

(./_minted/AEEE0A4A569148EC53E3D8B279260588.highlight.minted)
Underfull \hbox (badness 10000) in paragraph at lines 10330--10332

 []

\openout7 = `main_document_processed.listing'.

(./_minted/A8BDDA8630596E93B99B516A5BD5202D.highlight.minted)

[196]
Underfull \hbox (badness 10000) in paragraph at lines 10354--10359

 []

\openout7 = `main_document_processed.listing'.

(./_minted/EA1F68EBA892D77D068D1ED3A07CA3C7.highlight.minted)
Underfull \hbox (badness 10000) in paragraph at lines 10404--10406

 []



[197]
\openout7 = `main_document_processed.listing'.

 (./_minted/3335C808BD54591A42327F612E08E742.highlight.minted)
Underfull \hbox (badness 10000) in paragraph at lines 10427--10431

 []



[198]
\openout7 = `main_document_processed.listing'.

 (./_minted/AEEE0A4A569148EC53E3D8B279260588.highlight.minted)
Underfull \hbox (badness 10000) in paragraph at lines 10492--10494

 []

\openout7 = `main_document_processed.listing'.

(./_minted/A8BDDA8630596E93B99B516A5BD5202D.highlight.minted)
Underfull \hbox (badness 10000) in paragraph at lines 10518--10523

 []

\openout7 = `main_document_processed.listing'.

(./_minted/EA1F68EBA892D77D068D1ED3A07CA3C7.highlight.minted)

[199]
Underfull \hbox (badness 10000) in paragraph at lines 10544--10546

 []

\openout7 = `main_document_processed.listing'.

(./_minted/5F38AAB7884C118CFF26487868E2F632.highlight.minted)
Underfull \hbox (badness 10000) in paragraph at lines 10594--10598

 []



[200]
\openout7 = `main_document_processed.listing'.

 (./_minted/3335C808BD54591A42327F612E08E742.highlight.minted)
Underfull \hbox (badness 10000) in paragraph at lines 10641--10645

 []



[201]
\openout7 = `main_document_processed.listing'.

 (./_minted/5F38AAB7884C118CFF26487868E2F632.highlight.minted)
Underfull \hbox (badness 10000) in paragraph at lines 10690--10694

 []



[202]
\openout7 = `main_document_processed.listing'.

 (./_minted/9A272D294EF1E3A16036B9C999CEAD00.highlight.minted)
\openout7 = `main_document_processed.listing'.


(./_minted/8FAA529DC3AFED519FE01A1CD679E2A5.highlight.minted)

[203]
Underfull \hbox (badness 10000) in paragraph at lines 10782--10787

 []

\openout7 = `main_document_processed.listing'.

(./_minted/22D9583D7AB759459B8015DEFA93F368.highlight.minted)
Underfull \hbox (badness 10000) in paragraph at lines 10808--10813

 []



[204]
\openout7 = `main_document_processed.listing'.

 (./_minted/FF9C880BD84584D173E19BFF0BDDE4B8.highlight.minted)
Underfull \hbox (badness 10000) in paragraph at lines 10881--10888

 []



[205]
\openout7 = `main_document_processed.listing'.

 (./_minted/A1BBEE0211DB646F3817B57EFC768156.highlight.minted)
Underfull \hbox (badness 10000) in paragraph at lines 10909--10911

 []

\openout7 = `main_document_processed.listing'.

(./_minted/DC0B9D00FE139B681684469A1FBA7DCE.highlight.minted)

[206]
Underfull \hbox (badness 10000) in paragraph at lines 10940--10941

 []

\openout7 = `main_document_processed.listing'.

(./_minted/C056E301127021C131772E439E1E2311.highlight.minted)

[207]
Underfull \hbox (badness 10000) in paragraph at lines 11005--11006

 []

\openout7 = `main_document_processed.listing'.

(./_minted/27996AD1FF16697734A214174EB337FC.highlight.minted)
Underfull \hbox (badness 10000) in paragraph at lines 11027--11029

 []



[208]
\openout7 = `main_document_processed.listing'.

 (./_minted/0BA1ECE9884F73CEB8F2E21DD0102648.highlight.minted)
Underfull \hbox (badness 10000) in paragraph at lines 11072--11073

 []

\openout7 = `main_document_processed.listing'.

(./_minted/C71C1A6EED1C46779C9B844E66A561A6.highlight.minted)
Underfull \hbox (badness 10000) in paragraph at lines 11092--11093

 []

\openout7 = `main_document_processed.listing'.

(./_minted/8CB62D25593149B90BB01A2B7B99C8DA.highlight.minted)
Underfull \hbox (badness 10000) in paragraph at lines 11115--11116

 []



[209]
\openout7 = `main_document_processed.listing'.

 (./_minted/B17BCFDDBF9CAB46A7CAB0BE1B7563E5.highlight.minted)
Underfull \hbox (badness 10000) in paragraph at lines 11156--11161

 []



[210]
Overfull \hbox (2.92303pt too wide) in paragraph at lines 11177--11177
[]\T1/cmtt/m/n/10.95 (<class \TS1/cmtt/m/n/10.95 '\T1/cmtt/m/n/10.95 ValueError
\TS1/cmtt/m/n/10.95 '\T1/cmtt/m/n/10.95 >, <class \TS1/cmtt/m/n/10.95 '\T1/cmtt
/m/n/10.95 Exception\TS1/cmtt/m/n/10.95 '\T1/cmtt/m/n/10.95 >, <class \TS1/cmtt
/m/n/10.95 '\T1/cmtt/m/n/10.95 BaseException\TS1/cmtt/m/n/10.95 '\T1/cmtt/m/n/1
0.95 >, <class \TS1/cmtt/m/n/10.95 '\T1/cmtt/m/n/10.95 object\TS1/cmtt/m/n/10.9
5 '\T1/cmtt/m/n/10.95 >) 
 []


Overfull \hbox (121.74883pt too wide) in paragraph at lines 11178--11178
[]\T1/cmtt/m/n/10.95 (<class \TS1/cmtt/m/n/10.95 '\T1/cmtt/m/n/10.95 KeyError\T
S1/cmtt/m/n/10.95 '\T1/cmtt/m/n/10.95 >, <class \TS1/cmtt/m/n/10.95 '\T1/cmtt/m
/n/10.95 LookupError\TS1/cmtt/m/n/10.95 '\T1/cmtt/m/n/10.95 >, <class \TS1/cmtt
/m/n/10.95 '\T1/cmtt/m/n/10.95 Exception\TS1/cmtt/m/n/10.95 '\T1/cmtt/m/n/10.95
 >, <class \TS1/cmtt/m/n/10.95 '\T1/cmtt/m/n/10.95 BaseException\TS1/cmtt/m/n/1
0.95 '\T1/cmtt/m/n/10.95 >, <class \TS1/cmtt/m/n/10.95 '\T1/cmtt/m/n/10.95 obje
ct\TS1/cmtt/m/n/10.95 '\T1/cmtt/m/n/10.95 >)[] 
 []


Overfull \hbox (133.06557pt too wide) in paragraph at lines 11179--11179
[]\T1/cmtt/m/n/10.95 (<class \TS1/cmtt/m/n/10.95 '\T1/cmtt/m/n/10.95 IndexError
\TS1/cmtt/m/n/10.95 '\T1/cmtt/m/n/10.95 >, <class \TS1/cmtt/m/n/10.95 '\T1/cmtt
/m/n/10.95 LookupError\TS1/cmtt/m/n/10.95 '\T1/cmtt/m/n/10.95 >, <class \TS1/cm
tt/m/n/10.95 '\T1/cmtt/m/n/10.95 Exception\TS1/cmtt/m/n/10.95 '\T1/cmtt/m/n/10.
95 >, <class \TS1/cmtt/m/n/10.95 '\T1/cmtt/m/n/10.95 BaseException\TS1/cmtt/m/n
/10.95 '\T1/cmtt/m/n/10.95 >, <class \TS1/cmtt/m/n/10.95 '\T1/cmtt/m/n/10.95 ob
ject\TS1/cmtt/m/n/10.95 '\T1/cmtt/m/n/10.95 >)[] 
 []

\openout7 = `main_document_processed.listing'.

(./_minted/5EF12B818ECB0F068A9EC3FE1366EC5C.highlight.minted)
Underfull \hbox (badness 10000) in paragraph at lines 11197--11200

 []

\openout7 = `main_document_processed.listing'.

(./_minted/5B7EDCCCCFC363129F4C3CCE05BAB2A9.highlight.minted)
Underfull \hbox (badness 10000) in paragraph at lines 11220--11227

 []



[211]
\openout7 = `main_document_processed.listing'.

 (./_minted/788913C2A0E3462653692CA401565E5C.highlight.minted)
Underfull \hbox (badness 10000) in paragraph at lines 11254--11255

 []

\openout7 = `main_document_processed.listing'.

(./_minted/D1BF0C36E6A2199EF48C737D1FCF3C9F.highlight.minted)
Underfull \hbox (badness 10000) in paragraph at lines 11276--11277

 []

\openout7 = `main_document_processed.listing'.

(./_minted/C688CBD7719D990CDF146A0EAC8C0E6C.highlight.minted)

[212]
Underfull \hbox (badness 10000) in paragraph at lines 11302--11303

 []

\openout7 = `main_document_processed.listing'.

(./_minted/6A513990B34E33211D3F76B2DDA33610.highlight.minted)
Underfull \hbox (badness 10000) in paragraph at lines 11328--11329

 []

\openout7 = `main_document_processed.listing'.

(./_minted/72A5040F2D005DFE15CF79209351936E.highlight.minted)

[213]
Underfull \hbox (badness 10000) in paragraph at lines 11365--11370

 []

\openout7 = `main_document_processed.listing'.

(./_minted/4A57F939B77BBFC1D137F6BAFD07300A.highlight.minted)

[214]
Underfull \hbox (badness 10000) in paragraph at lines 11422--11424

 []

\openout7 = `main_document_processed.listing'.

(./_minted/2D16A637E42E5B781A8C0F147194B823.highlight.minted)
Underfull \hbox (badness 10000) in paragraph at lines 11448--11455

 []



[215]
\openout7 = `main_document_processed.listing'.

 (./_minted/E45204B27C84A53F2D66602EE37AA4E2.highlight.minted)
Underfull \hbox (badness 10000) in paragraph at lines 11500--11504

 []

\openout7 = `main_document_processed.listing'.

(./_minted/9065088AF6AD93F61CA7AC5C17FF3895.highlight.minted)
Underfull \hbox (badness 10000) in paragraph at lines 11525--11530

 []

\openout7 = `main_document_processed.listing'.

(./_minted/2EEDF8AF79FCED15CE300411AB31D107.highlight.minted)

[216]
Underfull \hbox (badness 10000) in paragraph at lines 11552--11555

 []

\openout7 = `main_document_processed.listing'.

(./_minted/2E278D44C9B3787F40FA807A43108601.highlight.minted)
Underfull \hbox (badness 10000) in paragraph at lines 11580--11581

 []

\openout7 = `main_document_processed.listing'.

(./_minted/A807A396199E5D80D55A5AAD2687D977.highlight.minted)
Underfull \hbox (badness 10000) in paragraph at lines 11602--11608

 []



[217]
\openout7 = `main_document_processed.listing'.

 (./_minted/42E4DCFA50A24DA261FF29A6C70476F0.highlight.minted)

[218]
Overfull \hbox (2.50345pt too wide) in paragraph at lines 11678--11679
[]\T1/cmr/m/n/10.95 on \T1/cmr/m/it/10.95 any \T1/cmr/m/n/10.95 exit path---nor
mal, \T1/cmtt/m/n/10.95 return\T1/cmr/m/n/10.95 , han-dled ex-cep-tion, or prop
agation---calls \T1/cmtt/m/n/10.95 __exit__(exc_type,
 []


Overfull \hbox (28.31369pt too wide) in paragraph at lines 11702--11703
\T1/cmr/m/n/10.95 When Python code raises an ex-cep-tion, CPython does not rely
 on hard-ware traps or portable \T1/cmtt/m/n/10.95 setjmp\T1/cmr/m/n/10.95 /\T1
/cmtt/m/n/10.95 longjmp
 []



[219]

[220]
Chapter 7.


[221

]

[222]

[223]

[224]
Overfull \hbox (18.34691pt too wide) in paragraph at lines 11939--11939
[][]\T1/cmr/bx/n/10.95 Containment and Scope Test-ing: Iden-ti-fy-ing Sub-sets 
\T1/cmtt/m/n/10.95 .issubset() \T1/cmr/bx/n/10.95 and Su-per-sets \T1/cmtt/m/n/
10.95 .issuperset() 
 []



[225]

[226]
Overfull \hbox (4.9531pt too wide) in paragraph at lines 12044--12045
\T1/cmtt/m/n/10.95 keys()\T1/cmr/m/n/10.95 , \T1/cmtt/m/n/10.95 values()\T1/cmr
/m/n/10.95 , and \T1/cmtt/m/n/10.95 items() \T1/cmr/m/n/10.95 re-turn lightweig
ht view ob-jects (\T1/cmtt/m/n/10.95 dict_keys\T1/cmr/m/n/10.95 , \T1/cmtt/m/n/
10.95 dict_values\T1/cmr/m/n/10.95 , \T1/cmtt/m/n/10.95 dict_items\T1/cmr/m/n/1
0.95 )
 []



[227]

[228]
Chapter 8.
\openout7 = `main_document_processed.listing'.

(./_minted/560989A442D6F1AA4E0AC0D9765BA00F.highlight.minted)

[229

]
Underfull \hbox (badness 10000) in paragraph at lines 12087--12092

 []


Overfull \hbox (5.3211pt too wide) in paragraph at lines 12125--12126
\T1/cmr/m/n/10.95 A \T1/cmtt/m/n/10.95 lambda \T1/cmr/m/n/10.95 ex-pres-sion cr
e-ates the same kind of func-tion ob-ject as \T1/cmtt/m/n/10.95 def\T1/cmr/m/n/
10.95 . The com-piler emits a \T1/cmtt/m/n/10.95 PyCodeObject
 []

\openout7 = `main_document_processed.listing'.

(./_minted/CC256329AE39EE19F3D3DD8ECE86A971.highlight.minted)

[230]
Underfull \hbox (badness 10000) in paragraph at lines 12140--12142

 []


Overfull \hbox (68.44202pt too wide) in paragraph at lines 12158--12159
[]\T1/cmr/m/n/10.95 This de-sign trades stack ef-fi-ciency for run-time flex-i-
bil-ity: frames can be in-tro-spected via \T1/cmtt/m/n/10.95 inspect.currentfra
me()\T1/cmr/m/n/10.95 ,
 []

\openout7 = `main_document_processed.listing'.

(./_minted/CEE0B42C3EC76A2D09AB0EE492F80643.highlight.minted)
Underfull \hbox (badness 10000) in paragraph at lines 12173--12174

 []

\openout7 = `main_document_processed.listing'.

(./_minted/18DD0161F076CC02D256E69D5B3D86B8.highlight.minted)

[231]
Underfull \hbox (badness 10000) in paragraph at lines 12200--12202

 []

\openout7 = `main_document_processed.listing'.

(./_minted/9C1A44EB9A7F27D7BD4567FB6F2C616A.highlight.minted)
Underfull \hbox (badness 10000) in paragraph at lines 12226--12228

 []

\openout7 = `main_document_processed.listing'.

(./_minted/05F61859D58EAE7AA554AD16BD077257.highlight.minted)

[232]
Underfull \hbox (badness 10000) in paragraph at lines 12253--12255

 []

\openout7 = `main_document_processed.listing'.

(./_minted/46DED444F9346923AD635309E84C597A.highlight.minted)

[233]
Underfull \hbox (badness 10000) in paragraph at lines 12301--12302

 []

\openout7 = `main_document_processed.listing'.

(./_minted/1A14EAD891464FBC1C3E66018BC9D1B2.highlight.minted)
Underfull \hbox (badness 10000) in paragraph at lines 12327--12329

 []


Underfull \hbox (badness 10000) in paragraph at lines 12339--12339
[]|\T1/cmr/bx/n/10.95 Operation in-side
 []


Underfull \hbox (badness 10000) in paragraph at lines 12343--12343
[]|\T1/cmtt/m/n/10.95 text =
 []


Overfull \hbox (1.63469pt too wide) in paragraph at lines 12337--12350
 [] 
 []



[234]
\openout7 = `main_document_processed.listing'.

 (./_minted/40F287898FAB21D6CEB313A7E6940E4D.highlight.minted)
Underfull \hbox (badness 10000) in paragraph at lines 12376--12378

 []

\openout7 = `main_document_processed.listing'.

(./_minted/AF523B846496B5E483C8B6DBD6AE0061.highlight.minted)
Underfull \hbox (badness 10000) in paragraph at lines 12403--12406

 []



[235]
Overfull \hbox (14.20161pt too wide) in paragraph at lines 12465--12466
\T1/cmr/m/n/10.95 (\T1/cmtt/m/n/10.95 METH_VECTORCALL\T1/cmr/m/n/10.95 ). No in
-ter-me-di-ate tu-ple or dict is con-structed. Sig-na-tures that force \T1/cmtt
/m/n/10.95 *args\T1/cmr/m/n/10.95 /\T1/cmtt/m/n/10.95 **kwargs\T1/cmr/m/n/10.95
 ---
 []

\openout7 = `main_document_processed.listing'.

(./_minted/CFDA1621505AFA26066E477CD616D925.highlight.minted)

[236]
Underfull \hbox (badness 10000) in paragraph at lines 12480--12482

 []



[237]
\openout7 = `main_document_processed.listing'.

 (./_minted/E4CE37E09EAD7510D7270A04F61FC430.highlight.minted)
Underfull \hbox (badness 10000) in paragraph at lines 12577--12580

 []



[238]
\openout7 = `main_document_processed.listing'.

 (./_minted/F842CFE01D5BB61032A0D960FBA93E19.highlight.minted)
Underfull \hbox (badness 10000) in paragraph at lines 12603--12606

 []

\openout7 = `main_document_processed.listing'.

(./_minted/D3724A39BC26E0C59E9CD3CF72210B23.highlight.minted)
Underfull \hbox (badness 10000) in paragraph at lines 12630--12631

 []



[239]
\openout7 = `main_document_processed.listing'.

 (./_minted/CB96A6335FF54EAB6C42F0C902EFE290.highlight.minted)
Underfull \hbox (badness 10000) in paragraph at lines 12673--12682

 []

\openout7 = `main_document_processed.listing'.

(./_minted/7366158F19F438DB23F7B2834275F5ED.highlight.minted)

[240]
Underfull \hbox (badness 10000) in paragraph at lines 12715--12717

 []

\openout7 = `main_document_processed.listing'.

(./_minted/79327DC623798CFC0CAA218F2873AD53.highlight.minted)
Underfull \hbox (badness 10000) in paragraph at lines 12740--12741

 []

\openout7 = `main_document_processed.listing'.

(./_minted/24BE525A927962E64C03B8D47E6DCE4B.highlight.minted)
Underfull \hbox (badness 10000) in paragraph at lines 12767--12768

 []



[241]
\openout7 = `main_document_processed.listing'.

 (./_minted/DCF2B9E4F71C5B811AB83DDC19CE2F90.highlight.minted)
Underfull \hbox (badness 10000) in paragraph at lines 12808--12809

 []



[242]

[243]
\openout7 = `main_document_processed.listing'.

 (./_minted/7F3381AE0B28C48EA5868CB1E7D267D6.highlight.minted)
Underfull \hbox (badness 10000) in paragraph at lines 12891--12893

 []

\openout7 = `main_document_processed.listing'.

(./_minted/7823524CF1311CCF81088603DB7200D2.highlight.minted)
Underfull \hbox (badness 10000) in paragraph at lines 12919--12921

 []

\openout7 = `main_document_processed.listing'.

(./_minted/4FC7083F1FC229CECDD1353F765EF898.highlight.minted)

[244]
Underfull \hbox (badness 10000) in paragraph at lines 12942--12943

 []

\openout7 = `main_document_processed.listing'.

(./_minted/71BF7BFE8E6DE3A3A33D2FFDFD320DDB.highlight.minted)
Underfull \hbox (badness 10000) in paragraph at lines 12978--12983

 []


Overfull \hbox (16.39143pt too wide) in paragraph at lines 12988--12989
\T1/cmr/m/n/10.95 ject ref-er-ences. Mu-ta-ble cells share one ob-ject across i
n-vo-ca-tions of the same clo-sure (\T1/cmtt/m/n/10.95 items.append(...)\T1/cmr
/m/n/10.95 );
 []



[245]
\openout7 = `main_document_processed.listing'.

 (./_minted/D8294D51886D4A918C420FFB68AD6262.highlight.minted)
Underfull \hbox (badness 10000) in paragraph at lines 13019--13021

 []

\openout7 = `main_document_processed.listing'.

(./_minted/6804B3EE7B8FBD669ADAB986BA2D504C.highlight.minted)
Overfull \hbox (10.22443pt too wide) in paragraph at lines 13042--13043
[]\T1/cmr/m/n/10.95 Stacked dec-o-ra-tors ap-ply bottom-up: \T1/cmtt/m/n/10.95 
@a @b def f $\OMS/cmsy/m/n/10.95 ^^Q$ \T1/cmtt/m/n/10.95 f = a(b(f))\T1/cmr/m/n
/10.95 . Dec-o-ra-tor fac-to-ries (\T1/cmtt/m/n/10.95 @deco(arg)\T1/cmr/m/n/10.
95 )
 []



[246]
\openout7 = `main_document_processed.listing'.

 (./_minted/7D6A2D8C8BCB2C9346BF094DAD5B9B84.highlight.minted)
Underfull \hbox (badness 10000) in paragraph at lines 13073--13076

 []

\openout7 = `main_document_processed.listing'.

(./_minted/516FAAC77E752050E36F8D8BB3C6581D.highlight.minted)

[247]
Underfull \hbox (badness 10000) in paragraph at lines 13101--13104

 []

\openout7 = `main_document_processed.listing'.

(./_minted/0019BE5DABE8AE3DDE8150D8CC2010FE.highlight.minted)
Underfull \hbox (badness 10000) in paragraph at lines 13140--13141

 []



[248]
\openout7 = `main_document_processed.listing'.

 (./_minted/B73AB674E6147DCB60D5E9A5E19AC456.highlight.minted)
Underfull \hbox (badness 10000) in paragraph at lines 13175--13177

 []



[249]

[250]
Chapter 9.


[251

]
\openout7 = `main_document_processed.listing'.

 (./_minted/6BE6188FE4B13EC848BC79EAE74B7FEE.highlight.minted)
\openout7 = `main_document_processed.listing'.


(./_minted/0388F387A289319064050EC27732B016.highlight.minted)

[252]

[253]
\openout7 = `main_document_processed.listing'.

 (./_minted/97FD01657B4A0256F58B5E5CB13C2E00.highlight.minted)
\openout7 = `main_document_processed.listing'.


(./_minted/3DD292D68B98FBF66509DDCFEA261062.highlight.minted)

[254]

[255]
Overfull \hbox (20.83215pt too wide) in paragraph at lines 13476--13477
\T1/cmr/m/n/10.95 Mismatched en-cod-ings sur-face as \T1/cmtt/m/n/10.95 Unicode
DecodeError \T1/cmr/m/n/10.95 or \T1/cmtt/m/n/10.95 UnicodeEncodeError\T1/cmr/m
/n/10.95 . De-fault \T1/cmtt/m/n/10.95 errors="strict"
 []

\openout7 = `main_document_processed.listing'.

(./_minted/C79F50A964A7EE322E16AC331780AD66.highlight.minted)
\openout7 = `main_document_processed.listing'.


(./_minted/CE3B3D08CD43B677274710A91BF9D9D6.highlight.minted)

[256]
\openout7 = `main_document_processed.listing'.

 (./_minted/BB220ABA033757FD3446168949AA8164.highlight.minted)
Overfull \hbox (48.23837pt too wide) in paragraph at lines 13577--13578
\T1/cmtt/m/n/10.95 pathlib.Path \T1/cmr/m/n/10.95 is an er-gonomic struc-tural 
ab-strac-tion: \T1/cmtt/m/n/10.95 / \T1/cmr/m/n/10.95 over-load com-poses com-p
o-nents, \T1/cmtt/m/n/10.95 .name\T1/cmr/m/n/10.95 /\T1/cmtt/m/n/10.95 .parent\
T1/cmr/m/n/10.95 /\T1/cmtt/m/n/10.95 .suffix
 []



[257]

[258]
\openout7 = `main_document_processed.listing'.

 (./_minted/3C5D6E11E80F383BB1DE286A84533B14.highlight.minted

LaTeX Font Warning: Font shape `TS1/cmtt/bx/n' undefined
(Font)              using `TS1/cmtt/m/n' instead
(Font)              for symbol `textquotesingle' on input line 6.

)

[259]
Overfull \hbox (49.8578pt too wide) in paragraph at lines 13735--13736
\T1/cmr/m/n/10.95 ``Easier to ask for-give-ness than per-mis-sion'': at-tempt \
T1/cmtt/m/n/10.95 open\T1/cmr/m/n/10.95 /read and catch \T1/cmtt/m/n/10.95 File
NotFoundError\T1/cmr/m/n/10.95 , \T1/cmtt/m/n/10.95 PermissionError\T1/cmr/m/n/
10.95 ,
 []

\openout7 = `main_document_processed.listing'.

(./_minted/F672475DB178CD1FECD175042B6B417D.highlight.minted)

[260]

[261]

[262] (./main_document_processed.lof)
\tf@lof=\write9
\openout9 = `main_document_processed.lof'.

 (./main_document_processed.bbl

[263

]

LaTeX Warning: Empty `thebibliography' environment on input line 3.

)

[264

] (./main_document_processed.aux)
 ***********
LaTeX2e <2024-11-01> patch level 2
L3 programming layer <2025-01-18>
 ***********


LaTeX Font Warning: Some font shapes were not available, defaults substituted.


LaTeX Warning: There were multiply-defined labels.

Package rerunfilecheck Info: File `main_document_processed.out' has not changed
.
(rerunfilecheck)             Checksum: BA09C2C27208AACF41783A01DE26B744;43502.
 ) 
Here is how much of TeX's memory you used:
 56266 strings out of 473197
 1326491 string characters out of 5718604
 1989100 words of memory out of 5000000
 77100 multiletter control sequences out of 15000+600000
 584796 words of font info for 93 fonts, out of 8000000 for 9000
 1141 hyphenation exceptions out of 8191
 130i,13n,124p,1091b,1510s stack positions out of 10000i,1000n,20000p,200000b,200000s
</usr/share/texlive/texmf-dist/fonts/type1/public/amsfonts/cm/cmmi10.pfb></us
r/share/texlive/texmf-dist/fonts/type1/public/amsfonts/cm/cmmi6.pfb></usr/share
/texlive/texmf-dist/fonts/type1/public/amsfonts/cm/cmr10.pfb></usr/share/texliv
e/texmf-dist/fonts/type1/public/amsfonts/cm/cmr8.pfb></usr/share/texlive/texmf-
dist/fonts/type1/public/amsfonts/cm/cmsy10.pfb></usr/share/texlive/texmf-dist/f
onts/type1/public/amsfonts/cm/cmsy6.pfb></usr/share/texmf/fonts/type1/public/cm
-super/sfbx1095.pfb></usr/share/texmf/fonts/type1/public/cm-super/sfbx1200.pfb>
</usr/share/texmf/fonts/type1/public/cm-super/sfbx1440.pfb></usr/share/texmf/fo
nts/type1/public/cm-super/sfbx2074.pfb></usr/share/texmf/fonts/type1/public/cm-
super/sfbx2488.pfb></usr/share/texmf/fonts/type1/public/cm-super/sfit1000.pfb><
/usr/share/texmf/fonts/type1/public/cm-super/sfrm0600.pfb></usr/share/texmf/fon
ts/type1/public/cm-super/sfrm0800.pfb></usr/share/texmf/fonts/type1/public/cm-s
uper/sfrm1095.pfb></usr/share/texmf/fonts/type1/public/cm-super/sfsx0800.pfb></
usr/share/texmf/fonts/type1/public/cm-super/sfsx0900.pfb></usr/share/texmf/font
s/type1/public/cm-super/sfsx3583.pfb></usr/share/texmf/fonts/type1/public/cm-su
per/sfti1095.pfb></usr/share/texmf/fonts/type1/public/cm-super/sftt0800.pfb></u
sr/share/texmf/fonts/type1/public/cm-super/sftt0900.pfb></usr/share/texmf/fonts
/type1/public/cm-super/sftt1000.pfb></usr/share/texmf/fonts/type1/public/cm-sup
er/sftt1095.pfb></usr/share/texmf/fonts/type1/public/cm-super/sftt1200.pfb></us
r/share/texmf/fonts/type1/public/cm-super/sftt1440.pfb>
Output written on main_document_processed.pdf (264 pages, 1390264 bytes).
PDF statistics:
 2858 PDF objects out of 2984 (max. 8388607)
 2490 compressed objects within 25 object streams
 967 named destinations out of 1000 (max. 500000)
 1437 words of extra memory for PDF output out of 10000 (max. 10000000)

